channel,status,samples,train_windows,calibration_windows,test_windows,test_positive_windows,threshold,precision,recall,f1,f0_5,roc_auc,pr_auc,final_loss,local_model_path,local_model_sha256
channel_1,research_candidate,10513336,10000,10000,10000,0,0.07143678516149521,0.0,0.0,0.0,0.0,,,0.4330182671546936,C:/Users/benja/Documents/SATISH v1 2/AIxSpace-Technical-Framework-v1-polished/artifacts/esa_rebuild/local_model_binaries/channel_1.keras,5ea2c4a4119d47cef5abb835f8e77bd36eb3b3b5766e7cae268d77d3f398c890
channel_2,research_candidate,10513336,10000,10000,10000,0,0.04345553740859032,0.0,0.0,0.0,0.0,,,0.35617852210998535,C:/Users/benja/Documents/SATISH v1 2/AIxSpace-Technical-Framework-v1-polished/artifacts/esa_rebuild/local_model_binaries/channel_2.keras,bfb5ccb47566fa88fb5e6fcde6a3ee8f9c7f67f7de5d51b3651ff91f6dd397c0
channel_3,research_candidate,10513336,10000,10000,10000,0,0.04896847531199455,0.0,0.0,0.0,0.0,,,0.37009942531585693,C:/Users/benja/Documents/SATISH v1 2/AIxSpace-Technical-Framework-v1-polished/artifacts/esa_rebuild/local_model_binaries/channel_3.keras,7c91ed907b50e314d4ceb00e4b849f8580113c70fc376f740e40a8344f1d55c2
channel_4,research_candidate,3589376,10000,10000,10000,0,15.887269973754883,0.0,0.0,0.0,0.0,,,0.5036965608596802,C:/Users/benja/Documents/SATISH v1 2/AIxSpace-Technical-Framework-v1-polished/artifacts/esa_rebuild/local_model_binaries/channel_4.keras,d58291d9d7dc7e7120f91b5f736acc46ad02b04ac611a2a8aae5bcf0011b19ed
channel_5,research_candidate,3589376,10000,10000,10000,0,16.67571258544922,0.0,0.0,0.0,0.0,,,0.5953719019889832,C:/Users/benja/Documents/SATISH v1 2/AIxSpace-Technical-Framework-v1-polished/artifacts/esa_rebuild/local_model_binaries/channel_5.keras,264fca76b777a1b0c792dc88649b850729e5d8329607af98e6c5bb2adb3dcee0
channel_6,research_candidate,3589376,10000,10000,10000,0,12.946184158325195,0.0,0.0,0.0,0.0,,,0.4108784794807434,C:/Users/benja/Documents/SATISH v1 2/AIxSpace-Technical-Framework-v1-polished/artifacts/esa_rebuild/local_model_binaries/channel_6.keras,21af367530263e68b0a016613728406a00d5b776b66c4faf5fd619e2022444fc
channel_7,research_candidate,3589376,10000,10000,10000,0,14.331158638000488,0.0,0.0,0.0,0.0,,,0.5414760708808899,C:/Users/benja/Documents/SATISH v1 2/AIxSpace-Technical-Framework-v1-polished/artifacts/esa_rebuild/local_model_binaries/channel_7.keras,dd531d341ac87560461b718c292756e40be5bf2751189dc465aec9b95aa0401e
channel_8,research_candidate,3589376,10000,10000,10000,0,5.436220169067383,0.0,0.0,0.0,0.0,,,0.26872754096984863,C:/Users/benja/Documents/SATISH v1 2/AIxSpace-Technical-Framework-v1-polished/artifacts/esa_rebuild/local_model_binaries/channel_8.keras,2109dcaeb0f478d76a3b9b1eed01333b9bc163d375fb575c003680777536cdc6
channel_9,research_candidate,3589376,10000,10000,10000,0,5.606721878051758,0.0,0.0,0.0,0.0,,,0.3180678188800812,C:/Users/benja/Documents/SATISH v1 2/AIxSpace-Technical-Framework-v1-polished/artifacts/esa_rebuild/local_model_binaries/channel_9.keras,7d6601e3c811b7fab0b48d0206c44f3bb1e27cb9908d54974e7cb35f5d741b7a
channel_10,research_candidate,3589376,10000,10000,10000,0,4.504389762878418,0.0,0.0,0.0,0.0,,,0.19650839269161224,C:/Users/benja/Documents/SATISH v1 2/AIxSpace-Technical-Framework-v1-polished/artifacts/esa_rebuild/local_model_binaries/channel_10.keras,1154486444fbbd2538be706fc5395d820e8e98c63610a4839fb2f592867e9b25
channel_11,research_candidate,3589376,10000,10000,10000,0,249.53292846679688,0.0,0.0,0.0,0.0,,,0.5466879606246948,C:/Users/benja/Documents/SATISH v1 2/AIxSpace-Technical-Framework-v1-polished/artifacts/esa_rebuild/local_model_binaries/channel_11.keras,514bb9788e4f0ed929068550de28e3c7d1e3102cd317e5f7986c55d99615dbf6
channel_12,research_candidate,14258506,9773,10000,10000,6,0.257912278175354,0.0013614703880190605,1.0,0.0027192386131883067,0.0017012589316093907,1.0,1.0,0.10324209928512573,C:/Users/benja/Documents/SATISH v1 2/AIxSpace-Technical-Framework-v1-polished/artifacts/esa_rebuild/local_model_binaries/channel_12.keras,bcd78c80e309b49e5dd5f9b72c9dd17e398f263214267e16e13acca6d3aeb402
channel_13,research_candidate,14258506,9800,10000,10000,6,0.48723483085632324,0.0014687882496940024,1.0,0.0029332681495966755,0.0018353113911660343,0.9991328130211461,0.6259530167576145,0.14628854393959045,C:/Users/benja/Documents/SATISH v1 2/AIxSpace-Technical-Framework-v1-polished/artifacts/esa_rebuild/local_model_binaries/channel_13.keras,3a659a76fa3e790f70a6c6d84cb6d5dfec30d22ff3311c37b30261812b7c121d
channel_14,research_candidate,5272893,9665,9605,10000,781,1.4594953060150146,0.22358722358722358,0.5825864276568502,0.32315340909090906,0.25501625378320814,0.7245042700463151,0.33301367999991727,0.12819059193134308,C:/Users/benja/Documents/SATISH v1 2/AIxSpace-Technical-Framework-v1-polished/artifacts/esa_rebuild/local_model_binaries/channel_14.keras,324f3a4290fcbf880b3219e3985cdbd9f9e4b293747e7621c5b68ab11f46f2aa
channel_15,research_candidate,5272893,9480,9404,10000,696,1.289781093597412,0.23210023866348448,0.5589080459770115,0.3279932546374367,0.2628378378378378,0.6748487086261254,0.24254176189985563,0.15636573731899261,C:/Users/benja/Documents/SATISH v1 2/AIxSpace-Technical-Framework-v1-polished/artifacts/esa_rebuild/local_model_binaries/channel_15.keras,e1ed911e88234624f27fb386613741fcd9b2b99edef151007365d235d92bdc59
channel_16,research_candidate,5272893,9312,9641,10000,452,0.4550856649875641,0.0,0.0,0.0,0.0,0.32108749087053395,0.030411649474284517,0.100688137114048,C:/Users/benja/Documents/SATISH v1 2/AIxSpace-Technical-Framework-v1-polished/artifacts/esa_rebuild/local_model_binaries/channel_16.keras,30f1b15ed360415fb00526aa6259d22ed6c57da682c557b1ccad21f7307d33a3
channel_17,research_candidate,14258506,9748,10000,10000,6,0.2250540554523468,0.0014814814814814814,1.0,0.0029585798816568047,0.0018511662347278784,0.9974984990994596,0.4068129437567376,0.09081199020147324,C:/Users/benja/Documents/SATISH v1 2/AIxSpace-Technical-Framework-v1-polished/artifacts/esa_rebuild/local_model_binaries/channel_17.keras,9666ee650659681e1808758e2d54ada5be9c411d9ca8d9d9b7db25aa4f61e40e
channel_18,research_candidate,14258506,9757,10000,10000,6,0.4641663134098053,0.003952569169960474,1.0,0.007874015748031496,0.004935834155972358,0.9435661396838102,0.0058974540820246266,0.11959346383810043,C:/Users/benja/Documents/SATISH v1 2/AIxSpace-Technical-Framework-v1-polished/artifacts/esa_rebuild/local_model_binaries/channel_18.keras,edd1029f404d391d74a6bd2f950d5b44f835ead6d03782619cc7c0337fb5affd
channel_19,research_candidate,14258506,9779,10000,10000,7,0.23463912308216095,0.003560528992878942,1.0,0.007095793208312216,0.0044467030872824284,0.9513802518906092,0.01706460146414111,0.11098942905664444,C:/Users/benja/Documents/SATISH v1 2/AIxSpace-Technical-Framework-v1-polished/artifacts/esa_rebuild/local_model_binaries/channel_19.keras,42d7b285a9d0881db39604d23affe84ba480b8e6e5b59dc85a90091afd4cd047
channel_20,research_candidate,14258506,9773,10000,10000,7,0.5311537981033325,0.002028397565922921,0.8571428571428571,0.004047217537942664,0.00253399780386857,0.8344269560120655,0.0026529652976338366,0.10537183284759521,C:/Users/benja/Documents/SATISH v1 2/AIxSpace-Technical-Framework-v1-polished/artifacts/esa_rebuild/local_model_binaries/channel_20.keras,506a7ad1b4ba442ac104ab0625df078a7b85ece97d04232151c14d73a4648fb9
channel_21,research_candidate,5272893,9671,9551,10000,778,0.9493876099586487,0.22358722358722358,0.5848329048843187,0.3234980447920369,0.2551020408163265,0.6926964077741892,0.33390963816736097,0.132141575217247,C:/Users/benja/Documents/SATISH v1 2/AIxSpace-Technical-Framework-v1-polished/artifacts/esa_rebuild/local_model_binaries/channel_21.keras,02bea68b175c55847df1ee24e83919ab2900779018f0e40ade914d01076fb309
channel_22,research_candidate,5272893,9326,9153,10000,935,1.4559998512268066,0.25850746268656716,0.46310160427807484,0.3318007662835249,0.28356254092992794,0.6059589831018402,0.3619488549626785,0.28634122014045715,C:/Users/benja/Documents/SATISH v1 2/AIxSpace-Technical-Framework-v1-polished/artifacts/esa_rebuild/local_model_binaries/channel_22.keras,78d49015b4814d99bfa2beb17a316bcbf34381121125f8ad12050f8951a64f05
channel_23,research_candidate,5272893,9470,9408,10000,707,0.7228823900222778,0.23766546329723226,0.5586987270155587,0.33347403967918954,0.2685248130523453,0.7186056302206753,0.25505932293241934,0.13647130131721497,C:/Users/benja/Documents/SATISH v1 2/AIxSpace-Technical-Framework-v1-polished/artifacts/esa_rebuild/local_model_binaries/channel_23.keras,d08787f0b28b3567d8bd0340e040e7a6b8e1f8cb937a8ceadb5da3abbef8d95e
channel_24,research_candidate,5272893,9308,9633,10000,450,0.5260543823242188,0.0,0.0,0.0,0.0,0.3448044211751018,0.03131775469824507,0.14024247229099274,C:/Users/benja/Documents/SATISH v1 2/AIxSpace-Technical-Framework-v1-polished/artifacts/esa_rebuild/local_model_binaries/channel_24.keras,54d68feb26ee1d0881b04dbe08a344c9d0b6252748cec8e82f17d0bc28a12063
channel_25,research_candidate,14258506,9786,10000,10000,6,0.45057979226112366,0.002459419576979833,0.8333333333333334,0.004904364884747426,0.0030720078643401327,0.8336168367687279,0.0019816651162628167,0.13611380755901337,C:/Users/benja/Documents/SATISH v1 2/AIxSpace-Technical-Framework-v1-polished/artifacts/esa_rebuild/local_model_binaries/channel_25.keras,065d678cf5ecc12ad517e9ce49fa11f8a57586e1472317b360d9b65fb02fbe07
channel_26,research_candidate,14258506,9755,10000,10000,6,0.2486126869916916,0.0018969332911792601,1.0,0.0037866834963710947,0.002370042660767894,0.9781202054566073,0.030804539547442878,0.12443778663873672,C:/Users/benja/Documents/SATISH v1 2/AIxSpace-Technical-Framework-v1-polished/artifacts/esa_rebuild/local_model_binaries/channel_26.keras,8509a56c416f43ef2ee70f7b25e085ea1c2393ee1293596b0c16ef20e4909454
channel_27,research_candidate,14258506,9768,10000,10000,6,0.3295888602733612,0.002146690518783542,1.0,0.004284184219921457,0.0026819238333631325,0.8798445734107132,0.0027479674589821796,0.10210534185171127,C:/Users/benja/Documents/SATISH v1 2/AIxSpace-Technical-Framework-v1-polished/artifacts/esa_rebuild/local_model_binaries/channel_27.keras,1fbf9c8844977b2eef5f3fc17127798de13499e73f435bebe238bf55405f0e3c
channel_28,research_candidate,14258506,9768,10000,10000,6,0.29350653290748596,0.0008605851979345956,0.3333333333333333,0.0017167381974248926,0.0010750376263169211,0.7318724568074177,0.0012354574839815564,0.1439383178949356,C:/Users/benja/Documents/SATISH v1 2/AIxSpace-Technical-Framework-v1-polished/artifacts/esa_rebuild/local_model_binaries/channel_28.keras,86e46262324d72cb484b762330a08101d1d665f6fdacd212037b607be51b6a3e
channel_29,research_candidate,5272893,9756,9553,10000,754,1.1255093812942505,0.20351043643263758,0.5689655172413793,0.29979035639413,0.2335075114304376,0.6806372215729104,0.28146155253521177,0.12189416587352753,C:/Users/benja/Documents/SATISH v1 2/AIxSpace-Technical-Framework-v1-polished/artifacts/esa_rebuild/local_model_binaries/channel_29.keras,a6219bb29097a3421d26e199a41dce63cb95cdc4f3ee1abae7bffbe6635cc9cb
channel_30,research_candidate,5272893,9579,9533,10000,742,0.7122660875320435,0.16,0.4743935309973046,0.23929299796057105,0.1844477048836722,0.674195013972035,0.2315236477849445,0.11271142214536667,C:/Users/benja/Documents/SATISH v1 2/AIxSpace-Technical-Framework-v1-polished/artifacts/esa_rebuild/local_model_binaries/channel_30.keras,1381da07071fba2316335d40eea0e10fe9b5014bd428c93e2b41db70458dcb07
channel_31,research_candidate,5272893,9305,9176,10000,908,0.687348484992981,0.24238805970149255,0.44713656387665196,0.3143631436314363,0.2668243953732913,0.5533672798471232,0.3157916444651417,0.12988078594207764,C:/Users/benja/Documents/SATISH v1 2/AIxSpace-Technical-Framework-v1-polished/artifacts/esa_rebuild/local_model_binaries/channel_31.keras,171a88c33ab6b3c6261bd1360fe58a30904305fdea173ac87761ce5fd95742ee
channel_32,research_candidate,5272893,9308,9631,10000,450,0.6821395754814148,0.0,0.0,0.0,0.0,0.35211972076788833,0.031767618166870376,0.14451417326927185,C:/Users/benja/Documents/SATISH v1 2/AIxSpace-Technical-Framework-v1-polished/artifacts/esa_rebuild/local_model_binaries/channel_32.keras,61e514ea78e4b7315b2efcea21ec1fc6c8478b02444e7da33453eae05378ac65
channel_33,research_candidate,5272893,9311,9630,10000,450,0.6007227897644043,0.0,0.0,0.0,0.0,0.34471634671320533,0.031356010212631624,0.12207288295030594,C:/Users/benja/Documents/SATISH v1 2/AIxSpace-Technical-Framework-v1-polished/artifacts/esa_rebuild/local_model_binaries/channel_33.keras,08f2ffb9c3ac4efc6856a2a12751cab6e000e671fc4ef528317b77deb7a6d81c
channel_34,research_candidate,14258506,9772,10000,10000,6,0.1596761792898178,0.0010887316276537834,1.0,0.0021750951604132683,0.0013605442176870752,0.9999666466546594,0.9484126984126984,0.10227883607149124,C:/Users/benja/Documents/SATISH v1 2/AIxSpace-Technical-Framework-v1-polished/artifacts/esa_rebuild/local_model_binaries/channel_34.keras,e04380b4f505f102d7ca5f4f99fd89d300f5413663d1fb871ba9bfa86cb065c5
channel_35,research_candidate,14258506,9776,10000,10000,6,0.25390154123306274,0.002025658338960162,1.0,0.004043126684636119,0.0025307912940779483,1.0,1.0,0.13427583873271942,C:/Users/benja/Documents/SATISH v1 2/AIxSpace-Technical-Framework-v1-polished/artifacts/esa_rebuild/local_model_binaries/channel_35.keras,d3035b077d1f856918891a66e2776b69094d3cf497f2732b2bc741facbeafe2c
channel_36,research_candidate,14258506,9773,10000,10000,7,0.4007648825645447,0.0026768642447418736,1.0,0.005339435545385201,0.003343842552784943,0.9473202670440737,0.29525979214288706,0.11637506633996964,C:/Users/benja/Documents/SATISH v1 2/AIxSpace-Technical-Framework-v1-polished/artifacts/esa_rebuild/local_model_binaries/channel_36.keras,31083c723e9ece3af095ac3b43800a9cee596650d93e7acd2e46f520098ec796
channel_37,research_candidate,14258506,9770,10000,10000,7,0.2848394811153412,0.002764612954186414,1.0,0.0055139818826309564,0.003453379378391712,0.9991565524438536,0.8722943722943721,0.080157570540905,C:/Users/benja/Documents/SATISH v1 2/AIxSpace-Technical-Framework-v1-polished/artifacts/esa_rebuild/local_model_binaries/channel_37.keras,213204ff4898815e8fb420bfbe15f5078bc698e781770aea1f8c4deb83da0f37
channel_38,research_candidate,5272893,9577,9526,10000,742,1.0292437076568604,0.15846994535519127,0.46900269541778977,0.23689584751531656,0.18265798866260757,0.7041893250042652,0.23432078709288715,0.12913985550403595,C:/Users/benja/Documents/SATISH v1 2/AIxSpace-Technical-Framework-v1-polished/artifacts/esa_rebuild/local_model_binaries/channel_38.keras,ed60b1bdb2d1bcf7bcfd58ffdd99e9ca0c3e8e77ba36ba1cc55bcb76677131ac
channel_39,research_candidate,5272893,9290,9191,10000,908,0.7526226043701172,0.24193548387096775,0.4460352422907489,0.313710302091402,0.2663072067332983,0.5638954272623848,0.3086266438424636,0.16153044998645782,C:/Users/benja/Documents/SATISH v1 2/AIxSpace-Technical-Framework-v1-polished/artifacts/esa_rebuild/local_model_binaries/channel_39.keras,61d9476ddc2b402f54691882b6d0c83e7e478230dd058197eaaf8f3c8ec5fa0a
channel_40,research_candidate,5272893,9314,9621,10000,450,0.5212704539299011,0.0,0.0,0.0,0.0,0.3004114019778941,0.02967190804006114,0.10923610627651215,C:/Users/benja/Documents/SATISH v1 2/AIxSpace-Technical-Framework-v1-polished/artifacts/esa_rebuild/local_model_binaries/channel_40.keras,1487507c15c0acee05ff94e8741b597693508f16da6ae5c2c431a695aaf009d9
channel_41,research_candidate,15381169,9886,9926,10000,215,1.0212935209274292,0.696969696969697,0.10697674418604651,0.18548387096774194,0.3314121037463977,0.6756131240270467,0.2042547945133945,0.4206131398677826,C:/Users/benja/Documents/SATISH v1 2/AIxSpace-Technical-Framework-v1-polished/artifacts/esa_rebuild/local_model_binaries/channel_41.keras,4156b31e34f2e6858ec2ec3030b4a685f46d1034dc2f717b4bf5d0205d0285e1
channel_42,research_candidate,15381169,9885,9926,10000,215,1.0639618635177612,0.21621621621621623,0.037209302325581395,0.06349206349206349,0.11019283746556474,0.5559696260293996,0.06514327372059316,0.5127990245819092,C:/Users/benja/Documents/SATISH v1 2/AIxSpace-Technical-Framework-v1-polished/artifacts/esa_rebuild/local_model_binaries/channel_42.keras,da9a8c94f566ac6e8b83fcf81dcfc498b885acfb4156b81e46ffdd42ff9bcf5c
channel_43,research_candidate,15381169,9884,9926,10000,216,2.051161289215088,0.375,0.013888888888888888,0.026785714285714284,0.06048387096774192,0.4916085597044305,0.03638289117000791,0.4465014934539795,C:/Users/benja/Documents/SATISH v1 2/AIxSpace-Technical-Framework-v1-polished/artifacts/esa_rebuild/local_model_binaries/channel_43.keras,22e17de77dd0286683fe98bba4debceb2968d85c8ce30189e0b200e5d8d22465
channel_44,research_candidate,15381169,9885,9926,10000,214,1.147302508354187,0.673469387755102,0.1542056074766355,0.2509505703422053,0.4024390243902439,0.6756333193900881,0.23452484744428329,0.49226614832878113,C:/Users/benja/Documents/SATISH v1 2/AIxSpace-Technical-Framework-v1-polished/artifacts/esa_rebuild/local_model_binaries/channel_44.keras,056b2195ab69ddb6898f01821a0a31ac1523be1fac12a4143f2be19f7b9738e4
channel_45,research_candidate,15381169,9885,9926,10000,215,1.4498045444488525,0.19642857142857142,0.05116279069767442,0.08118081180811808,0.12528473804100226,0.6017991467718744,0.07495501007675204,0.4791386127471924,C:/Users/benja/Documents/SATISH v1 2/AIxSpace-Technical-Framework-v1-polished/artifacts/esa_rebuild/local_model_binaries/channel_45.keras,bf29e2894924b5eb0b9f73975ba285a999ee30b393be045de30e2eef4b7aeaec
channel_46,research_candidate,15381169,9884,9926,10000,214,1.1343992948532104,0.28125,0.04205607476635514,0.07317073170731707,0.13157894736842105,0.6184101453344564,0.09501646391805058,0.5037574172019958,C:/Users/benja/Documents/SATISH v1 2/AIxSpace-Technical-Framework-v1-polished/artifacts/esa_rebuild/local_model_binaries/channel_46.keras,ddd4e885796afa6e46598ae016f4f095ba2c118ec49082b19f0938d54697610c
channel_47,research_candidate,14644745,9720,9804,10000,310,0.2661284804344177,0.0,0.0,0.0,0.0,0.41641149838543223,0.024210573184237114,0.10305760055780411,C:/Users/benja/Documents/SATISH v1 2/AIxSpace-Technical-Framework-v1-polished/artifacts/esa_rebuild/local_model_binaries/channel_47.keras,e8d18d8ae9288fc313ca0f20659b36a51f9cc7873e51bbc2da6ded0951a0d8c1
channel_48,research_candidate,14644745,9712,9804,10000,312,0.44342565536499023,0.0,0.0,0.0,0.0,0.42240417037201716,0.027754996679628406,0.1439613401889801,C:/Users/benja/Documents/SATISH v1 2/AIxSpace-Technical-Framework-v1-polished/artifacts/esa_rebuild/local_model_binaries/channel_48.keras,5795cebb6ccfbb25eb293e5f94239adeee36e088efa47abbc0f32a87fdbd48f7
channel_49,research_candidate,14644745,9714,9806,10000,310,0.37611153721809387,0.0,0.0,0.0,0.0,0.5102906221911515,0.03476567045550907,0.15436987578868866,C:/Users/benja/Documents/SATISH v1 2/AIxSpace-Technical-Framework-v1-polished/artifacts/esa_rebuild/local_model_binaries/channel_49.keras,c25706c3ab21f2213368807898ca48d061bea2a67b368c291dd6290d87ee66c3
channel_50,research_candidate,4974682,9528,9780,10000,293,0.43280428647994995,0.0,0.0,0.0,0.0,0.3824308203045478,0.021925924972757648,0.14180609583854675,C:/Users/benja/Documents/SATISH v1 2/AIxSpace-Technical-Framework-v1-polished/artifacts/esa_rebuild/local_model_binaries/channel_50.keras,ebcbb34c726f7a34052bad87a9d4c479b3a885fd6d996590648142506d523a73
channel_51,research_candidate,4974682,9529,9778,10000,293,0.4790020287036896,0.0,0.0,0.0,0.0,0.33795023541295804,0.020155659741012324,0.15668006241321564,C:/Users/benja/Documents/SATISH v1 2/AIxSpace-Technical-Framework-v1-polished/artifacts/esa_rebuild/local_model_binaries/channel_51.keras,70048b6ee028e191aa2a5209bad8de9712646c51bc27ddda13a9fca2d4d8005d
channel_52,research_candidate,4974682,9526,9801,10000,292,0.4410128593444824,0.0,0.0,0.0,0.0,0.39713098503705463,0.02240680982804739,0.1322295367717743,C:/Users/benja/Documents/SATISH v1 2/AIxSpace-Technical-Framework-v1-polished/artifacts/esa_rebuild/local_model_binaries/channel_52.keras,149aac48df38caffc46ea8b57a77db285dbc9eebfee0aaf168b23f02c32fc58f
channel_53,research_candidate,14639410,10000,10000,10000,0,3.6874914169311523,0.0,0.0,0.0,0.0,,,0.9702185392379761,C:/Users/benja/Documents/SATISH v1 2/AIxSpace-Technical-Framework-v1-polished/artifacts/esa_rebuild/local_model_binaries/channel_53.keras,5607ad82676931cf9c9d6beaccd994fdc6017644b5c81b8cc8a9d85824c8f921
channel_54,research_candidate,14639410,10000,10000,10000,0,2.8113560676574707,0.0,0.0,0.0,0.0,,,0.9461349844932556,C:/Users/benja/Documents/SATISH v1 2/AIxSpace-Technical-Framework-v1-polished/artifacts/esa_rebuild/local_model_binaries/channel_54.keras,7456324671a305e3d182134d29af49861479079484c88b0e1fdd5ec914c59323
channel_55,research_candidate,14639410,10000,10000,10000,0,2.902177333831787,0.0,0.0,0.0,0.0,,,0.9436038136482239,C:/Users/benja/Documents/SATISH v1 2/AIxSpace-Technical-Framework-v1-polished/artifacts/esa_rebuild/local_model_binaries/channel_55.keras,90f385da60d7f3e8c1ef73a23c53dee717829b53deec13b820fc226e24346fc6
channel_56,research_candidate,14639410,10000,10000,10000,0,2.7567861080169678,0.0,0.0,0.0,0.0,,,0.9690476655960083,C:/Users/benja/Documents/SATISH v1 2/AIxSpace-Technical-Framework-v1-polished/artifacts/esa_rebuild/local_model_binaries/channel_56.keras,57337c8597a0990c3c5ceff9734b0541bc82147a15547d515e2801fc4d1514d1
channel_57,research_candidate,14639410,9842,9842,10000,83,0.44397544860839844,0.011577107907383137,0.6385542168674698,0.022741900879639565,0.014406088611035608,0.4892912377552967,0.02164205214284573,0.12963220477104187,C:/Users/benja/Documents/SATISH v1 2/AIxSpace-Technical-Framework-v1-polished/artifacts/esa_rebuild/local_model_binaries/channel_57.keras,0aa40d69e3283859d05468d9ac4d6afe69f27ec2d6ddf857f9e12c6178ef54ae
channel_58,research_candidate,14639410,9838,9840,10000,88,0.5118502974510193,0.012369791666666666,0.6477272727272727,0.024275979557069845,0.01538876889848812,0.5031229363856482,0.03378220193713034,0.11819533258676529,C:/Users/benja/Documents/SATISH v1 2/AIxSpace-Technical-Framework-v1-polished/artifacts/esa_rebuild/local_model_binaries/channel_58.keras,6e930ac82cba6303dc05a9ef9fe6b732cb9a1df55518556c82c8368683807526
channel_59,research_candidate,14639410,9848,9841,10000,81,0.42606210708618164,0.010964912280701754,0.6172839506172839,0.021547080370609782,0.013645543365536814,0.46463950592390957,0.021181202074540755,0.11051535606384277,C:/Users/benja/Documents/SATISH v1 2/AIxSpace-Technical-Framework-v1-polished/artifacts/esa_rebuild/local_model_binaries/channel_59.keras,dfe90a074e9aa3e28f698994678cc32675b23a478b99e3e2e7adf2aa8810bb6e
channel_60,research_candidate,14639410,9848,9841,10000,83,0.3141125440597534,0.011272490786906569,0.6265060240963856,0.022146507666098807,0.014027515511195039,0.48340138814813555,0.0342745244080473,0.09895112365484238,C:/Users/benja/Documents/SATISH v1 2/AIxSpace-Technical-Framework-v1-polished/artifacts/esa_rebuild/local_model_binaries/channel_60.keras,2b7d07e4e84d3caece7856b4746c913465a65b8e20afce3c33ca58e69a1e7718
channel_61,research_candidate,487448,9999,9963,10000,33,0.15598276257514954,0.0,0.0,0.0,0.0,0.6460562279765651,0.008197153677282881,0.07981209456920624,C:/Users/benja/Documents/SATISH v1 2/AIxSpace-Technical-Framework-v1-polished/artifacts/esa_rebuild/local_model_binaries/channel_61.keras,6f6767472bf1e40c8f5f1f05533a2e498f910fdff77a7b77b7c5b64ae4cc3bb0
channel_62,research_candidate,487448,9999,9963,10000,33,0.14315131306648254,0.0,0.0,0.0,0.0,0.6377439489709982,0.00794168644831346,0.08115966618061066,C:/Users/benja/Documents/SATISH v1 2/AIxSpace-Technical-Framework-v1-polished/artifacts/esa_rebuild/local_model_binaries/channel_62.keras,6fa99ce121db830b6d9f4d3ccfba2dce1e31f488d4aeb70c6b46ae3a107c7448
channel_63,research_candidate,487448,9999,9963,10000,33,0.0991726741194725,0.0,0.0,0.0,0.0,0.3157905938080514,0.004233030048731294,0.06484265625476837,C:/Users/benja/Documents/SATISH v1 2/AIxSpace-Technical-Framework-v1-polished/artifacts/esa_rebuild/local_model_binaries/channel_63.keras,04fa6ceacfb47954232c7f3803d21e250e29391ff7948e33687f26bc827b1521
channel_64,research_candidate,4810995,10000,9998,10000,19,19.07041358947754,0.38,1.0,0.5507246376811594,0.4337899543378995,1.0,1.0,0.9873751997947693,C:/Users/benja/Documents/SATISH v1 2/AIxSpace-Technical-Framework-v1-polished/artifacts/esa_rebuild/local_model_binaries/channel_64.keras,eb5f9fb689f8b7abc3d6fae616959010a18fe55ac5b9f009125d1afb1b8b2d05
channel_65,research_candidate,4810995,10000,9998,10000,19,11.419543266296387,0.59375,1.0,0.7450980392156863,0.6462585034013606,1.0,1.0,0.9570850729942322,C:/Users/benja/Documents/SATISH v1 2/AIxSpace-Technical-Framework-v1-polished/artifacts/esa_rebuild/local_model_binaries/channel_65.keras,19db5225b4144536844188ed30a1761b39f526d832575d81e7b82034ed2ba752
channel_66,research_candidate,4810995,9978,9951,10000,201,2.2048842906951904,0.23234624145785876,0.5074626865671642,0.31875000000000003,0.26060296371997954,0.7736224480211455,0.5128513501721196,0.3677825629711151,C:/Users/benja/Documents/SATISH v1 2/AIxSpace-Technical-Framework-v1-polished/artifacts/esa_rebuild/local_model_binaries/channel_66.keras,d2f3cdb70425ccd13c215729e03ed2ed8078b7c48b4c6443be5e4f1cd6e58af5
channel_67,research_candidate,4810995,10000,10000,10000,0,0.008413894101977348,0.0,0.0,0.0,0.0,,,0.007084388751536608,C:/Users/benja/Documents/SATISH v1 2/AIxSpace-Technical-Framework-v1-polished/artifacts/esa_rebuild/local_model_binaries/channel_67.keras,dd3edfd0a8e21ee2fb66d086f42b985d56d2697cd9cb3a6715a98a425b10cf78
channel_68,research_candidate,4810995,10000,10000,10000,0,0.01019209809601307,0.0,0.0,0.0,0.0,,,0.0018391311168670654,C:/Users/benja/Documents/SATISH v1 2/AIxSpace-Technical-Framework-v1-polished/artifacts/esa_rebuild/local_model_binaries/channel_68.keras,413875a9d8164bfa9cfea78c7e9ab908f4ce28c91b46bc14b05e8df5c3ec28eb
channel_69,research_candidate,4810995,10000,10000,10000,0,0.06185593083500862,0.0,0.0,0.0,0.0,,,0.0036355494521558285,C:/Users/benja/Documents/SATISH v1 2/AIxSpace-Technical-Framework-v1-polished/artifacts/esa_rebuild/local_model_binaries/channel_69.keras,c2338b0dbed266ac97319dbd51b9b53d621f7489d4ea659ef7b964074bc148db
channel_70,research_candidate,14670328,9952,9967,10000,0,1.3348100185394287,0.0,0.0,0.0,0.0,,,0.9804631471633911,C:/Users/benja/Documents/SATISH v1 2/AIxSpace-Technical-Framework-v1-polished/artifacts/esa_rebuild/local_model_binaries/channel_70.keras,c9a58ec615ca8c2aa9c6ec47088c90570a7262390f6a90fc68ab4a69d45b17bf
channel_71,research_candidate,14666814,9955,9967,10000,0,1.3722329139709473,0.0,0.0,0.0,0.0,,,0.9785110950469971,C:/Users/benja/Documents/SATISH v1 2/AIxSpace-Technical-Framework-v1-polished/artifacts/esa_rebuild/local_model_binaries/channel_71.keras,0e0b7e783c485af67d1aa19f78dcc48d45fc3659d4862be137a363e88cdcfaad
channel_72,research_candidate,14668450,9948,9970,10000,0,1.3195385932922363,0.0,0.0,0.0,0.0,,,0.9833253026008606,C:/Users/benja/Documents/SATISH v1 2/AIxSpace-Technical-Framework-v1-polished/artifacts/esa_rebuild/local_model_binaries/channel_72.keras,06e7b3ecf3d5db546d113f45fd809ee8941cc6f7db408082547b2f5e6286745b
channel_73,research_candidate,14669336,9949,9967,10000,0,1.4206260442733765,0.0,0.0,0.0,0.0,,,0.9641821980476379,C:/Users/benja/Documents/SATISH v1 2/AIxSpace-Technical-Framework-v1-polished/artifacts/esa_rebuild/local_model_binaries/channel_73.keras,12b40d6c35193af5b0743799d2448a6ba5287614a56e378102fa1d85c9702c8b
channel_74,research_candidate,19286353,9952,9952,10000,22,1.4972847700119019,0.11864406779661017,0.3181818181818182,0.1728395061728395,0.1356589147286822,0.8764463638185828,0.2916167212465368,0.9468116164207458,C:/Users/benja/Documents/SATISH v1 2/AIxSpace-Technical-Framework-v1-polished/artifacts/esa_rebuild/local_model_binaries/channel_74.keras,1017ba8e107f222d303ad1c1800fbaa622ec357dd0e84485a9597aa6ca88105a
channel_75,research_candidate,14667583,9950,9967,10000,0,1.3311660289764404,0.0,0.0,0.0,0.0,,,0.9284213781356812,C:/Users/benja/Documents/SATISH v1 2/AIxSpace-Technical-Framework-v1-polished/artifacts/esa_rebuild/local_model_binaries/channel_75.keras,ed6c24ea8d0b889e1d2ac1b27e823f5cba150d7e8b95074688ba00d516e1e799
channel_76,research_candidate,14671647,9944,9967,10000,0,4.255840301513672,0.0,0.0,0.0,0.0,,,0.9215525984764099,C:/Users/benja/Documents/SATISH v1 2/AIxSpace-Technical-Framework-v1-polished/artifacts/esa_rebuild/local_model_binaries/channel_76.keras,551a22953c29f5a59f0529f62cf13058a6f5fc13ee73ea44f2adf6e296b53ce4
