channel,feature,reference_value,mean_abs_score_delta,max_abs_score_delta,rows_evaluated,interpretation
channel_1,value,0.13791033625602722,8.684072932898977e-05,0.07174751647859134,5000,model sensitivity evidence; non-causal
channel_1,delta_1,0.0,1.7478580367398157e-05,0.014174715194970489,5000,model sensitivity evidence; non-causal
channel_1,rolling_mean_24,0.13791033625602722,0.00018984024433661663,0.08783976815980965,5000,model sensitivity evidence; non-causal
channel_1,rolling_std_24,1.4363022018188995e-08,0.08156772882055928,0.20025508989059948,5000,model sensitivity evidence; non-causal
channel_1,rolling_margin_24,0.0,0.00013084257530948423,0.05931539675245057,5000,model sensitivity evidence; non-causal
channel_1,rolling_abs_z_24,0.0,0.00029389943297882095,0.08611088517311194,5000,model sensitivity evidence; non-causal
channel_2,value,0.12633411586284637,2.926245869609263e-05,0.01846070509848219,5000,model sensitivity evidence; non-causal
channel_2,delta_1,0.0,1.7547701433328823e-05,0.013693611917842685,5000,model sensitivity evidence; non-causal
channel_2,rolling_mean_24,0.12633411586284637,6.150450265413754e-05,0.030440311604505665,5000,model sensitivity evidence; non-causal
channel_2,rolling_std_24,1.4562316763000942e-08,0.18334356682518607,0.28855758430559025,5000,model sensitivity evidence; non-causal
channel_2,rolling_margin_24,0.0,6.32374606028411e-05,0.04618788521337491,5000,model sensitivity evidence; non-causal
channel_2,rolling_abs_z_24,0.0,0.0001566883561029732,0.049730976916551706,5000,model sensitivity evidence; non-causal
channel_3,value,0.12633411586284637,0.00045606895798958345,0.06855694420324798,5000,model sensitivity evidence; non-causal
channel_3,delta_1,0.0,0.00036629889335586984,0.06848855790893715,5000,model sensitivity evidence; non-causal
channel_3,rolling_mean_24,0.12633411586284637,0.0009961223878220552,0.087146538013117,5000,model sensitivity evidence; non-causal
channel_3,rolling_std_24,2.314792357095889e-09,0.01235841502637079,0.08448846210666827,5000,model sensitivity evidence; non-causal
channel_3,rolling_margin_24,0.0,0.0013552202510139356,0.0581360865921442,5000,model sensitivity evidence; non-causal
channel_3,rolling_abs_z_24,0.0,0.0018890395345610986,0.2794318228405937,5000,model sensitivity evidence; non-causal
channel_4,value,0.041668545454740524,0.05148242747638526,0.051857906818914,5000,model sensitivity evidence; non-causal
channel_4,delta_1,0.0,2.915402815066217e-05,0.00722128632841601,5000,model sensitivity evidence; non-causal
channel_4,rolling_mean_24,0.041668545454740524,0.04038318413311459,0.04063562968153012,5000,model sensitivity evidence; non-causal
channel_4,rolling_std_24,2.8249519223627543e-10,0.00708802685217406,0.04712387125695794,5000,model sensitivity evidence; non-causal
channel_4,rolling_margin_24,0.0,0.0003480082525848662,0.05224245826636209,5000,model sensitivity evidence; non-causal
channel_4,rolling_abs_z_24,0.0,0.0002869576135069582,0.04748948773808115,5000,model sensitivity evidence; non-causal
channel_5,value,0.04002261161804199,0.029085339171522617,0.03185950913590763,5000,model sensitivity evidence; non-causal
channel_5,delta_1,0.0,2.790979970265526e-05,0.006784351974167047,5000,model sensitivity evidence; non-causal
channel_5,rolling_mean_24,0.04002261161804199,0.027872450517087817,0.027975294995055022,5000,model sensitivity evidence; non-causal
channel_5,rolling_std_24,1.0391058152235818e-09,0.01164381999123944,0.06713719618213476,5000,model sensitivity evidence; non-causal
channel_5,rolling_margin_24,0.0,0.0003458854930395437,0.05367344393396434,5000,model sensitivity evidence; non-causal
channel_5,rolling_abs_z_24,0.0,0.00030094959737269456,0.061757054166836634,5000,model sensitivity evidence; non-causal
channel_6,value,0.06273363530635834,0.07907790169825595,0.07964095315602948,5000,model sensitivity evidence; non-causal
channel_6,delta_1,0.0,3.740459284877784e-05,0.008052373939151147,5000,model sensitivity evidence; non-causal
channel_6,rolling_mean_24,0.06273363530635834,0.05953870712223815,0.05990250794986174,5000,model sensitivity evidence; non-causal
channel_6,rolling_std_24,1.5156377428596281e-09,0.009087359887292099,0.06127585365053634,5000,model sensitivity evidence; non-causal
channel_6,rolling_margin_24,0.0,0.00048092508649291146,0.06675866654475227,5000,model sensitivity evidence; non-causal
channel_6,rolling_abs_z_24,0.0,0.0004085981089242942,0.06459078959837794,5000,model sensitivity evidence; non-causal
channel_7,value,0.04684057831764221,0.04386436780048425,0.044059947858994364,5000,model sensitivity evidence; non-causal
channel_7,delta_1,0.0,5.4544669895133355e-05,0.012426692779556325,5000,model sensitivity evidence; non-causal
channel_7,rolling_mean_24,0.04684057831764221,0.015115614108794069,0.01595119866842254,5000,model sensitivity evidence; non-causal
channel_7,rolling_std_24,7.177698967631886e-10,0.012362923638400672,0.06769924302906616,5000,model sensitivity evidence; non-causal
channel_7,rolling_margin_24,0.0,0.00042296407851359305,0.06999336372557963,5000,model sensitivity evidence; non-causal
channel_7,rolling_abs_z_24,0.0,0.00018789270643623817,0.038516005397913555,5000,model sensitivity evidence; non-causal
channel_8,value,0.07025512307882309,0.07952593906517427,0.08570580290375018,5000,model sensitivity evidence; non-causal
channel_8,delta_1,0.0,2.2811701149283215e-06,0.0038062385001542687,5000,model sensitivity evidence; non-causal
channel_8,rolling_mean_24,0.07025512307882309,0.07395446873604195,0.07804791347472295,5000,model sensitivity evidence; non-causal
channel_8,rolling_std_24,8.15864753432363e-10,0.021992879101509863,0.02745509888997666,5000,model sensitivity evidence; non-causal
channel_8,rolling_margin_24,0.0,2.4744437198131707e-05,0.04335173893181765,5000,model sensitivity evidence; non-causal
channel_8,rolling_abs_z_24,0.0,1.818402127489045e-05,0.030849346728723526,5000,model sensitivity evidence; non-causal
channel_9,value,0.06961385905742645,0.11575283009941353,0.11748357254855957,5000,model sensitivity evidence; non-causal
channel_9,delta_1,0.0,3.903921135320987e-06,0.006512406192300535,5000,model sensitivity evidence; non-causal
channel_9,rolling_mean_24,0.06961385905742645,0.09718546139447148,0.09904441106938011,5000,model sensitivity evidence; non-causal
channel_9,rolling_std_24,5.816530333329204e-10,0.0006850609195508051,0.011337867662139733,5000,model sensitivity evidence; non-causal
channel_9,rolling_margin_24,0.0,3.074094412939547e-05,0.05323489324924735,5000,model sensitivity evidence; non-causal
channel_9,rolling_abs_z_24,0.0,1.2171806894521354e-05,0.020637481049376127,5000,model sensitivity evidence; non-causal
channel_10,value,0.03135963901877403,0.07450895654820085,0.07464758103061409,5000,model sensitivity evidence; non-causal
channel_10,delta_1,0.0,1.9760949086859525e-05,0.004705656698079541,5000,model sensitivity evidence; non-causal
channel_10,rolling_mean_24,0.03135963901877403,0.07151775202883205,0.0715886622370514,5000,model sensitivity evidence; non-causal
channel_10,rolling_std_24,1.0227446993067029e-10,0.15268891843713728,0.15796247427710286,5000,model sensitivity evidence; non-causal
channel_10,rolling_margin_24,0.0,3.5036881693833986e-05,0.007740951141907315,5000,model sensitivity evidence; non-causal
channel_10,rolling_abs_z_24,0.0,2.762687224988647e-05,0.005915719381722084,5000,model sensitivity evidence; non-causal
channel_11,value,0.026308322325348854,0.11390304974250744,0.113908112894055,5000,model sensitivity evidence; non-causal
channel_11,delta_1,0.0,1.0763251900894444e-06,0.005381625950447222,5000,model sensitivity evidence; non-causal
channel_11,rolling_mean_24,0.026308322325348854,0.09603273271175312,0.09604291248747265,5000,model sensitivity evidence; non-causal
channel_11,rolling_std_24,3.9566626547764546e-10,0.0960433341304817,0.10060499039680681,5000,model sensitivity evidence; non-causal
channel_11,rolling_margin_24,0.0,6.301642658819606e-06,0.010613150214393907,5000,model sensitivity evidence; non-causal
channel_11,rolling_abs_z_24,0.0,1.0774451228346282e-05,0.014886805483015908,5000,model sensitivity evidence; non-causal
channel_12,value,0.2625860571861267,0.024571999639336473,0.0826794844246379,5000,model sensitivity evidence; non-causal
channel_12,delta_1,0.0,0.006700541771085943,0.11827509855767399,5000,model sensitivity evidence; non-causal
channel_12,rolling_mean_24,0.2623910717666149,0.01651878778122796,0.07326891888278009,5000,model sensitivity evidence; non-causal
channel_12,rolling_std_24,0.0010602088066467969,0.014826753302951983,0.14057278604921308,5000,model sensitivity evidence; non-causal
channel_12,rolling_margin_24,0.0002599799384673529,0.006860092889302751,0.1051481904621453,5000,model sensitivity evidence; non-causal
channel_12,rolling_abs_z_24,0.36689831232704534,0.006326505178331959,0.16128996517147448,5000,model sensitivity evidence; non-causal
channel_13,value,0.3171748220920563,0.02504693644639228,0.07307531298731534,5000,model sensitivity evidence; non-causal
channel_13,delta_1,0.0,0.007276666272449361,0.12612606350795297,5000,model sensitivity evidence; non-causal
channel_13,rolling_mean_24,0.31665486097335815,0.03257166995703198,0.08507891920577171,5000,model sensitivity evidence; non-causal
channel_13,rolling_std_24,0.0011876709188157748,0.010792588524165213,0.12286249974472108,5000,model sensitivity evidence; non-causal
channel_13,rolling_margin_24,0.00032490243514377015,0.006179548337130878,0.10871005238565445,5000,model sensitivity evidence; non-causal
channel_13,rolling_abs_z_24,0.3644602973948502,0.006504965483414869,0.17566958618960737,5000,model sensitivity evidence; non-causal
channel_14,value,0.2353457361459732,0.01996231336515394,0.07417277623181118,5000,model sensitivity evidence; non-causal
channel_14,delta_1,0.0,0.007582556913637535,0.13566884612068147,5000,model sensitivity evidence; non-causal
channel_14,rolling_mean_24,0.23465581300357977,0.020114361390710673,0.06762607367509083,5000,model sensitivity evidence; non-causal
channel_14,rolling_std_24,0.0012319257342363514,0.012644535931702726,0.13175631063003906,5000,model sensitivity evidence; non-causal
channel_14,rolling_margin_24,-0.0003142630060513907,0.01055687270253205,0.1260023297363101,5000,model sensitivity evidence; non-causal
channel_14,rolling_abs_z_24,0.34774348086074625,0.008902027429621038,0.19080923711791287,5000,model sensitivity evidence; non-causal
channel_15,value,0.0876035988330841,0.023447064291626237,0.07426794582349538,5000,model sensitivity evidence; non-causal
channel_15,delta_1,0.0,0.007028171942358395,0.14712939256121915,5000,model sensitivity evidence; non-causal
channel_15,rolling_mean_24,0.08744034791986148,0.01758414150899891,0.05354026603561324,5000,model sensitivity evidence; non-causal
channel_15,rolling_std_24,0.0010719861700505882,0.010277898659316673,0.15051071216840395,5000,model sensitivity evidence; non-causal
channel_15,rolling_margin_24,-0.000268351286649704,0.007052038823164901,0.10063603892525619,5000,model sensitivity evidence; non-causal
channel_15,rolling_abs_z_24,0.35527405207979595,0.00864048985581707,0.20339058466270127,5000,model sensitivity evidence; non-causal
channel_16,value,0.7226383090019226,0.015633990022651617,0.04820271033988943,5000,model sensitivity evidence; non-causal
channel_16,delta_1,0.0,0.006933156784785993,0.14424904823585832,5000,model sensitivity evidence; non-causal
channel_16,rolling_mean_24,0.7226383437712988,0.009298050319206637,0.03652457450238367,5000,model sensitivity evidence; non-causal
channel_16,rolling_std_24,0.001432272332880856,0.014033624580734925,0.1356207395379408,5000,model sensitivity evidence; non-causal
channel_16,rolling_margin_24,-0.000383034348487854,0.008391341091038196,0.11456813766570584,5000,model sensitivity evidence; non-causal
channel_16,rolling_abs_z_24,0.3382849457334562,0.008132259310664875,0.1855074454782945,5000,model sensitivity evidence; non-causal
channel_17,value,0.30273547768592834,0.0202824775604576,0.08390305521944663,5000,model sensitivity evidence; non-causal
channel_17,delta_1,0.0,0.006452877410863809,0.1452123774199029,5000,model sensitivity evidence; non-causal
channel_17,rolling_mean_24,0.3022960436840852,0.015635734660144864,0.07522141920099351,5000,model sensitivity evidence; non-causal
channel_17,rolling_std_24,0.0012510585026145153,0.012631801236422482,0.13202088531318384,5000,model sensitivity evidence; non-causal
channel_17,rolling_margin_24,0.0003141351044178009,0.008399987663586503,0.11458463660957807,5000,model sensitivity evidence; non-causal
channel_17,rolling_abs_z_24,0.4017129344246337,0.007440285966003506,0.20801302836580243,5000,model sensitivity evidence; non-causal
channel_18,value,0.3238435983657837,0.01722848354606145,0.09896393784984331,5000,model sensitivity evidence; non-causal
channel_18,delta_1,0.0,0.008285153367941663,0.13107197255664854,5000,model sensitivity evidence; non-causal
channel_18,rolling_mean_24,0.3244719405968984,0.011974970985128194,0.07805363060319476,5000,model sensitivity evidence; non-causal
channel_18,rolling_std_24,0.0014954982290005605,0.011990789601606584,0.1301515013669719,5000,model sensitivity evidence; non-causal
channel_18,rolling_margin_24,0.000314061840375246,0.0056845980932418595,0.09143853272761238,5000,model sensitivity evidence; non-causal
channel_18,rolling_abs_z_24,0.4595362915361383,0.007913174278562262,0.20174059056073573,5000,model sensitivity evidence; non-causal
channel_19,value,0.27506333589553833,0.016274440447435205,0.0638103688026524,5000,model sensitivity evidence; non-causal
channel_19,delta_1,0.0,0.008542787683437063,0.13417015017113343,5000,model sensitivity evidence; non-causal
channel_19,rolling_mean_24,0.2748033565779527,0.007236929405306394,0.04296685636254549,5000,model sensitivity evidence; non-causal
channel_19,rolling_std_24,0.0014530726482293844,0.014283648293866804,0.14399803339042472,5000,model sensitivity evidence; non-causal
channel_19,rolling_margin_24,0.00032490181426209075,0.005737012449067495,0.13448567617970986,5000,model sensitivity evidence; non-causal
channel_19,rolling_abs_z_24,0.47026997071844373,0.00741795996323728,0.19702385559536156,5000,model sensitivity evidence; non-causal
channel_20,value,0.3171748220920563,0.03582693619100436,0.0936691130314879,5000,model sensitivity evidence; non-causal
channel_20,delta_1,0.0,0.006551738975685683,0.10209005700351903,5000,model sensitivity evidence; non-causal
channel_20,rolling_mean_24,0.3167198561131954,0.0287574421672051,0.08145868127284772,5000,model sensitivity evidence; non-causal
channel_20,rolling_std_24,0.0013650448673170575,0.009216710409414328,0.09968075657463582,5000,model sensitivity evidence; non-causal
channel_20,rolling_margin_24,0.0003896045188109265,0.006871655131822426,0.098322390476407,5000,model sensitivity evidence; non-causal
channel_20,rolling_abs_z_24,0.37002421074435543,0.007263891819924801,0.20610521309119867,5000,model sensitivity evidence; non-causal
channel_21,value,0.24138092994689941,0.02348104758182356,0.08617775337272993,5000,model sensitivity evidence; non-causal
channel_21,delta_1,0.0,0.007102378111696867,0.15386882342309083,5000,model sensitivity evidence; non-causal
channel_21,rolling_mean_24,0.24106722262998423,0.0196622327513085,0.0832051725748496,5000,model sensitivity evidence; non-causal
channel_21,rolling_std_24,0.0013101468896157518,0.011808070036449765,0.132284603714168,5000,model sensitivity evidence; non-causal
channel_21,rolling_margin_24,-0.000376775860786438,0.010394605168195428,0.1146413986589544,5000,model sensitivity evidence; non-causal
channel_21,rolling_abs_z_24,0.3683382195277076,0.010104058523488559,0.2157366852426612,5000,model sensitivity evidence; non-causal
channel_22,value,0.30445054173469543,0.021721497855920386,0.06922763232277424,5000,model sensitivity evidence; non-causal
channel_22,delta_1,0.0,0.007226081422189021,0.17669165592200753,5000,model sensitivity evidence; non-causal
channel_22,rolling_mean_24,0.3038513883948326,0.012332012871862589,0.04081150021311902,5000,model sensitivity evidence; non-causal
channel_22,rolling_std_24,0.0010371313151966886,0.010109251650266687,0.12720293606087657,5000,model sensitivity evidence; non-causal
channel_22,rolling_margin_24,-0.00030052661895751953,0.00828252084473808,0.10177093255857872,5000,model sensitivity evidence; non-causal
channel_22,rolling_abs_z_24,0.3488742203157613,0.007129832291612769,0.24910734332520612,5000,model sensitivity evidence; non-causal
channel_23,value,0.094044029712677,0.031235291216620872,0.07347434423097027,5000,model sensitivity evidence; non-causal
channel_23,delta_1,0.0,0.008358036402986864,0.14858335346199897,5000,model sensitivity evidence; non-causal
channel_23,rolling_mean_24,0.09393249607334535,0.016674956283503073,0.044808988298828956,5000,model sensitivity evidence; non-causal
channel_23,rolling_std_24,0.0011059433859321338,0.012050055708584962,0.15287651887153497,5000,model sensitivity evidence; non-causal
channel_23,rolling_margin_24,-0.0002693043400843892,0.008839359191698384,0.10844475535282205,5000,model sensitivity evidence; non-causal
channel_23,rolling_abs_z_24,0.36346638185419483,0.007735076938975594,0.15738012546140168,5000,model sensitivity evidence; non-causal
channel_24,value,0.7152832746505737,0.01445087136941398,0.05668905879134423,5000,model sensitivity evidence; non-causal
channel_24,delta_1,0.0,0.007417579651315435,0.1340621110677998,5000,model sensitivity evidence; non-causal
channel_24,rolling_mean_24,0.7158961544434229,0.007667281202593099,0.032326913247666955,5000,model sensitivity evidence; non-causal
channel_24,rolling_std_24,0.0015316244577766288,0.014558907968124004,0.12746457563156216,5000,model sensitivity evidence; non-causal
channel_24,rolling_margin_24,-0.00038310388724005495,0.008828027594789133,0.11253557593730057,5000,model sensitivity evidence; non-causal
channel_24,rolling_abs_z_24,0.34610827520127463,0.008814341475205663,0.18002668703616165,5000,model sensitivity evidence; non-causal
channel_25,value,0.26052266359329224,0.014619108572250752,0.08950925300258172,5000,model sensitivity evidence; non-causal
channel_25,delta_1,0.0,0.008910955443240979,0.138021643687588,5000,model sensitivity evidence; non-causal
channel_25,rolling_mean_24,0.26058422153194744,0.011625005697526631,0.08336731780455336,5000,model sensitivity evidence; non-causal
channel_25,rolling_std_24,0.0013089790299921833,0.01359065076619628,0.13859324173513293,5000,model sensitivity evidence; non-causal
channel_25,rolling_margin_24,0.0002513087044159479,0.007075569194293718,0.11648672024431372,5000,model sensitivity evidence; non-causal
channel_25,rolling_abs_z_24,0.41983074959672934,0.006483268966882907,0.21571549477372653,5000,model sensitivity evidence; non-causal
channel_26,value,0.363042414188385,0.010419163015846805,0.07871997385597701,5000,model sensitivity evidence; non-causal
channel_26,delta_1,0.0,0.007508032614811421,0.1323547862364527,5000,model sensitivity evidence; non-causal
channel_26,rolling_mean_24,0.36291690667470294,0.011547691568590776,0.06559376579266912,5000,model sensitivity evidence; non-causal
channel_26,rolling_std_24,0.0014043297599535206,0.009709133050868485,0.11546299646939318,5000,model sensitivity evidence; non-causal
channel_26,rolling_margin_24,0.0003769621253013611,0.007106952343383907,0.09379300919487255,5000,model sensitivity evidence; non-causal
channel_26,rolling_abs_z_24,0.4019028283666851,0.006470356307474387,0.20225035714109924,5000,model sensitivity evidence; non-causal
channel_27,value,0.23295187950134277,0.02141447740413277,0.08725695027985575,5000,model sensitivity evidence; non-causal
channel_27,delta_1,0.0,0.009050984668849004,0.1320832375190813,5000,model sensitivity evidence; non-causal
channel_27,rolling_mean_24,0.23327684899171194,0.014540391664265283,0.06733021315831467,5000,model sensitivity evidence; non-causal
channel_27,rolling_std_24,0.0012733030860691465,0.01225293598894325,0.12248724437498248,5000,model sensitivity evidence; non-causal
channel_27,rolling_margin_24,0.00032468202213445374,0.0069466899698581415,0.11315181383551054,5000,model sensitivity evidence; non-causal
channel_27,rolling_abs_z_24,0.3820327630722044,0.006534662191340615,0.16397737320410832,5000,model sensitivity evidence; non-causal
channel_28,value,0.1799212545156479,0.009769313822342475,0.06468533511453839,5000,model sensitivity evidence; non-causal
channel_28,delta_1,0.0,0.009430136555085022,0.14018160011225966,5000,model sensitivity evidence; non-causal
channel_28,rolling_mean_24,0.17992132777969042,0.010743295873087321,0.06686781576467765,5000,model sensitivity evidence; non-causal
channel_28,rolling_std_24,0.001373544594838179,0.01421852813513939,0.11995570385324916,5000,model sensitivity evidence; non-causal
channel_28,rolling_margin_24,0.000324901814262063,0.005529145059272231,0.09967481586107108,5000,model sensitivity evidence; non-causal
channel_28,rolling_abs_z_24,0.44072775459168373,0.0066162957168712355,0.19359068142898783,5000,model sensitivity evidence; non-causal
channel_29,value,0.2579793930053711,0.027528635230797523,0.09009484484116947,5000,model sensitivity evidence; non-causal
channel_29,delta_1,0.0,0.007947549481786782,0.15755846859603628,5000,model sensitivity evidence; non-causal
channel_29,rolling_mean_24,0.257728202889363,0.015041910667608738,0.059615488439007214,5000,model sensitivity evidence; non-causal
channel_29,rolling_std_24,0.0012168301999344131,0.012494267086028715,0.13266970356454139,5000,model sensitivity evidence; non-causal
channel_29,rolling_margin_24,-0.0003148205578327179,0.007922121475806385,0.10919630816856796,5000,model sensitivity evidence; non-causal
channel_29,rolling_abs_z_24,0.34869685726665267,0.008394104352645699,0.20166893435220445,5000,model sensitivity evidence; non-causal
channel_30,value,0.1146552711725235,0.021774836877144498,0.07555233344230672,5000,model sensitivity evidence; non-causal
channel_30,delta_1,0.0,0.008393162272410706,0.15603199332157464,5000,model sensitivity evidence; non-causal
channel_30,rolling_mean_24,0.115096523736914,0.01931676954022523,0.056980310400493006,5000,model sensitivity evidence; non-causal
channel_30,rolling_std_24,0.001278324207358068,0.013173055978145564,0.15056709972483756,5000,model sensitivity evidence; non-causal
channel_30,rolling_margin_24,-0.00031454224760333466,0.008389720982956126,0.13814001296682882,5000,model sensitivity evidence; non-causal
channel_30,rolling_abs_z_24,0.3519321794265607,0.006906791129250537,0.1855044755436247,5000,model sensitivity evidence; non-causal
channel_31,value,0.30300915241241455,0.019951502863726107,0.06616867640221524,5000,model sensitivity evidence; non-causal
channel_31,delta_1,0.0,0.007252130560633747,0.13936927401044163,5000,model sensitivity evidence; non-causal
channel_31,rolling_mean_24,0.30204372107982635,0.015890811992957613,0.05831490950715296,5000,model sensitivity evidence; non-causal
channel_31,rolling_std_24,0.0011116847593771093,0.011116173862216822,0.15606069756654828,5000,model sensitivity evidence; non-causal
channel_31,rolling_margin_24,-0.00030123814940452576,0.008016946057727918,0.11974554373398905,5000,model sensitivity evidence; non-causal
channel_31,rolling_abs_z_24,0.3598286761557543,0.009470013287837954,0.17484055927458547,5000,model sensitivity evidence; non-causal
channel_32,value,0.7318319082260132,0.014067886991697162,0.05180951325947142,5000,model sensitivity evidence; non-causal
channel_32,delta_1,0.0,0.00833029726731982,0.14960578590815915,5000,model sensitivity evidence; non-causal
channel_32,rolling_mean_24,0.730606235563755,0.012179407303048787,0.05624883357857402,5000,model sensitivity evidence; non-causal
channel_32,rolling_std_24,0.0015015104352581465,0.01150873911421808,0.14843415268265048,5000,model sensitivity evidence; non-causal
channel_32,rolling_margin_24,-0.00038306911786401,0.00847944557067327,0.11273911822178806,5000,model sensitivity evidence; non-causal
channel_32,rolling_abs_z_24,0.3461934442799667,0.008459319422238244,0.18372440200699636,5000,model sensitivity evidence; non-causal
channel_33,value,0.7649300694465637,0.015907513202733235,0.05695119508486274,5000,model sensitivity evidence; non-causal
channel_33,delta_1,0.0,0.007142254819269449,0.12608933008618073,5000,model sensitivity evidence; non-causal
channel_33,rolling_mean_24,0.764700248837471,0.010713052754157454,0.04516282988679399,5000,model sensitivity evidence; non-causal
channel_33,rolling_std_24,0.0014322846695290652,0.013717869535520066,0.17408179724687844,5000,model sensitivity evidence; non-causal
channel_33,rolling_margin_24,-0.00038306663433707033,0.008902014285821479,0.13590194547222412,5000,model sensitivity evidence; non-causal
channel_33,rolling_abs_z_24,0.35575494051932605,0.0070731365887467266,0.19948537638128094,5000,model sensitivity evidence; non-causal
channel_34,value,0.15257707238197327,0.007756529425305464,0.05470340699122056,5000,model sensitivity evidence; non-causal
channel_34,delta_1,0.0,0.00934088133555964,0.13219991071167053,5000,model sensitivity evidence; non-causal
channel_34,rolling_mean_24,0.1524535392721494,0.008701238569212762,0.04972333040807336,5000,model sensitivity evidence; non-causal
channel_34,rolling_std_24,0.0011598235619444041,0.010156189259063393,0.09588154057657561,5000,model sensitivity evidence; non-causal
channel_34,rolling_margin_24,0.00030862198521693085,0.009017653306823067,0.13448533264180895,5000,model sensitivity evidence; non-causal
channel_34,rolling_abs_z_24,0.3696899836234841,0.0079367434924238,0.18485393441917902,5000,model sensitivity evidence; non-causal
channel_35,value,0.20021574199199677,0.009688460529165317,0.06961814927694782,5000,model sensitivity evidence; non-causal
channel_35,delta_1,0.0,0.008203533586030458,0.12643332512579392,5000,model sensitivity evidence; non-causal
channel_35,rolling_mean_24,0.19996443515022597,0.009138497200092858,0.07037617571298643,5000,model sensitivity evidence; non-causal
channel_35,rolling_std_24,0.0013996008977283072,0.010966961372552729,0.12388348484768597,5000,model sensitivity evidence; non-causal
channel_35,rolling_margin_24,0.00030529871582984924,0.005746427104935763,0.10248403552690066,5000,model sensitivity evidence; non-causal
channel_35,rolling_abs_z_24,0.40913316078266554,0.005801378911506778,0.18136595914177756,5000,model sensitivity evidence; non-causal
channel_36,value,0.24230939149856567,0.024511948785624713,0.09598734475098669,5000,model sensitivity evidence; non-causal
channel_36,delta_1,0.0,0.009228990166596507,0.12522625028037687,5000,model sensitivity evidence; non-causal
channel_36,rolling_mean_24,0.24165951584776243,0.015029710950568728,0.07125981246880542,5000,model sensitivity evidence; non-causal
channel_36,rolling_std_24,0.0013654994615648155,0.014503279881754563,0.13041638144981738,5000,model sensitivity evidence; non-causal
channel_36,rolling_margin_24,0.0003249756991863251,0.0049595116769587805,0.11917270542450842,5000,model sensitivity evidence; non-causal
channel_36,rolling_abs_z_24,0.4746104425482249,0.006184647813016917,0.19220204832116866,5000,model sensitivity evidence; non-causal
channel_37,value,0.2781813442707062,0.0201862917675885,0.08528088284885371,5000,model sensitivity evidence; non-causal
channel_37,delta_1,0.0,0.00787591424068227,0.12127303203443851,5000,model sensitivity evidence; non-causal
channel_37,rolling_mean_24,0.27753176043430966,0.01853412522836569,0.0807229771174412,5000,model sensitivity evidence; non-causal
channel_37,rolling_std_24,0.0013541577220746916,0.011406790460390065,0.14856497015505227,5000,model sensitivity evidence; non-causal
channel_37,rolling_margin_24,0.0003898224482933865,0.005962834178712028,0.09924467730955422,5000,model sensitivity evidence; non-causal
channel_37,rolling_abs_z_24,0.4275883594201708,0.00709602850275237,0.16788720528608342,5000,model sensitivity evidence; non-causal
channel_38,value,0.1146552711725235,0.023868871006487633,0.07697955586621724,5000,model sensitivity evidence; non-causal
channel_38,delta_1,0.0,0.010157599531335949,0.15178129618694775,5000,model sensitivity evidence; non-causal
channel_38,rolling_mean_24,0.11471862625330687,0.022600647654883052,0.07252795799471556,5000,model sensitivity evidence; non-causal
channel_38,rolling_std_24,0.0012834448751124876,0.010723138709512045,0.11665818122704763,5000,model sensitivity evidence; non-causal
channel_38,rolling_margin_24,-0.0003148216443757193,0.006998732325559589,0.1224191458801509,5000,model sensitivity evidence; non-causal
channel_38,rolling_abs_z_24,0.35184465648669083,0.007712437917361944,0.2393584092925079,5000,model sensitivity evidence; non-causal
channel_39,value,0.30589762330055237,0.02074974037646825,0.06517127021289654,5000,model sensitivity evidence; non-causal
channel_39,delta_1,0.0,0.007453654141438676,0.1344023546196208,5000,model sensitivity evidence; non-causal
channel_39,rolling_mean_24,0.30541478966673213,0.012690249815544124,0.04465774993394023,5000,model sensitivity evidence; non-causal
channel_39,rolling_std_24,0.0011277393805397672,0.013081833812266666,0.13084928347103675,5000,model sensitivity evidence; non-causal
channel_39,rolling_margin_24,-0.00030123814940452576,0.00863222774150353,0.10951401271549321,5000,model sensitivity evidence; non-causal
channel_39,rolling_abs_z_24,0.354169874735872,0.007874823825730924,0.20889612264396623,5000,model sensitivity evidence; non-causal
channel_40,value,0.768608033657074,0.01601437381054544,0.07434100475580052,5000,model sensitivity evidence; non-causal
channel_40,delta_1,0.0,0.007700506247756629,0.13340901370432767,5000,model sensitivity evidence; non-causal
channel_40,rolling_mean_24,0.7685312132040659,0.01030332472808116,0.05797190212560577,5000,model sensitivity evidence; non-causal
channel_40,rolling_std_24,0.0015013004313353738,0.013766805178538854,0.15798659896953227,5000,model sensitivity evidence; non-causal
channel_40,rolling_margin_24,-0.00038306911786401,0.009379672094066276,0.11835613038094084,5000,model sensitivity evidence; non-causal
channel_40,rolling_abs_z_24,0.3495702332826592,0.006601662760809953,0.20633943228731189,5000,model sensitivity evidence; non-causal
channel_41,value,0.8110092282295227,0.014312759352762237,0.0781763660140839,5000,model sensitivity evidence; non-causal
channel_41,delta_1,0.0,0.009674845102087598,0.13109012286618482,5000,model sensitivity evidence; non-causal
channel_41,rolling_mean_24,0.811008649567763,0.013863682254340875,0.0633745251380815,5000,model sensitivity evidence; non-causal
channel_41,rolling_std_24,0.0029389027701151515,0.012019771820756194,0.12853191622262328,5000,model sensitivity evidence; non-causal
channel_41,rolling_margin_24,-9.826322396599974e-05,0.007240626905631011,0.060697881594436565,5000,model sensitivity evidence; non-causal
channel_41,rolling_abs_z_24,1.0620846037353855,0.008264408085533578,0.0822740339311806,5000,model sensitivity evidence; non-causal
channel_42,value,0.784737765789032,0.008578658952761949,0.06931763543889208,5000,model sensitivity evidence; non-causal
channel_42,delta_1,0.0,0.009696072612809116,0.10858824205704987,5000,model sensitivity evidence; non-causal
channel_42,rolling_mean_24,0.7846702734629313,0.01239568889522637,0.06832051882756235,5000,model sensitivity evidence; non-causal
channel_42,rolling_std_24,0.004498397045973488,0.012852997182967533,0.11838051635151375,5000,model sensitivity evidence; non-causal
channel_42,rolling_margin_24,-6.653616825735842e-05,0.006439111267934349,0.07809805144195947,5000,model sensitivity evidence; non-causal
channel_42,rolling_abs_z_24,0.9349942959400123,0.00900315024969931,0.08602919897343586,5000,model sensitivity evidence; non-causal
channel_43,value,0.7719001173973083,0.01752233426783781,0.0837355522338935,5000,model sensitivity evidence; non-causal
channel_43,delta_1,0.0,0.009798681348726794,0.12129629106938927,5000,model sensitivity evidence; non-causal
channel_43,rolling_mean_24,0.7720973963538805,0.015477842108372622,0.0678036506156231,5000,model sensitivity evidence; non-causal
channel_43,rolling_std_24,0.0029072564278643347,0.012526571940098959,0.11834751885344957,5000,model sensitivity evidence; non-causal
channel_43,rolling_margin_24,-6.532172362005984e-05,0.006228729752404939,0.07548993648894198,5000,model sensitivity evidence; non-causal
channel_43,rolling_abs_z_24,1.0637997894049342,0.009882937840911918,0.10139242619815092,5000,model sensitivity evidence; non-causal
channel_44,value,0.7968164682388306,0.00820310347699714,0.06729723208589233,5000,model sensitivity evidence; non-causal
channel_44,delta_1,0.0,0.009321323510546245,0.1018834258616575,5000,model sensitivity evidence; non-causal
channel_44,rolling_mean_24,0.7970790440837542,0.013789884936360422,0.0730371769821146,5000,model sensitivity evidence; non-causal
channel_44,rolling_std_24,0.003799986235066834,0.012294007475131017,0.1199321219901493,5000,model sensitivity evidence; non-causal
channel_44,rolling_margin_24,-3.5762786865234375e-07,0.009365689156908089,0.07696535508620783,5000,model sensitivity evidence; non-causal
channel_44,rolling_abs_z_24,0.9355344069789746,0.008924360873917415,0.09748617298203055,5000,model sensitivity evidence; non-causal
channel_45,value,0.8134627938270569,0.012322297572590757,0.07732113948901148,5000,model sensitivity evidence; non-causal
channel_45,delta_1,0.0,0.00986095144426612,0.12058724163903178,5000,model sensitivity evidence; non-causal
channel_45,rolling_mean_24,0.8132511228322983,0.012609294397016172,0.06605162474490811,5000,model sensitivity evidence; non-causal
channel_45,rolling_std_24,0.0033119984762603194,0.013171492251578838,0.12034214497063667,5000,model sensitivity evidence; non-causal
channel_45,rolling_margin_24,-3.558645645773684e-05,0.00811933298936595,0.07973461558395423,5000,model sensitivity evidence; non-causal
channel_45,rolling_abs_z_24,1.0663527407124676,0.007647932700471728,0.09356885380761593,5000,model sensitivity evidence; non-causal
channel_46,value,0.7686724066734314,0.011114817554111487,0.07887230351092184,5000,model sensitivity evidence; non-causal
channel_46,delta_1,0.0,0.00965060940080742,0.10637180366362847,5000,model sensitivity evidence; non-causal
channel_46,rolling_mean_24,0.7684269100427628,0.012150020655051403,0.05684713613104431,5000,model sensitivity evidence; non-causal
channel_46,rolling_std_24,0.0044798013608260395,0.012298304042444743,0.0972507482199671,5000,model sensitivity evidence; non-causal
channel_46,rolling_margin_24,-3.511955340707029e-05,0.00646544679379548,0.06088523824821701,5000,model sensitivity evidence; non-causal
channel_46,rolling_abs_z_24,0.9249363668009885,0.008820135629955426,0.11532878259505047,5000,model sensitivity evidence; non-causal
channel_47,value,0.0017835251055657864,0.004473390914824437,0.037583206246779355,5000,model sensitivity evidence; non-causal
channel_47,delta_1,0.0,0.006700049917055418,0.15181949237148912,5000,model sensitivity evidence; non-causal
channel_47,rolling_mean_24,0.0017836303159128875,0.0037040811542960726,0.023845994241215862,5000,model sensitivity evidence; non-causal
channel_47,rolling_std_24,2.1432839587615173e-06,0.011312819135218252,0.13412579671466923,5000,model sensitivity evidence; non-causal
channel_47,rolling_margin_24,-5.281375100214553e-07,0.009515904920230241,0.13159095535103282,5000,model sensitivity evidence; non-causal
channel_47,rolling_abs_z_24,0.36360925131646626,0.007689362700393781,0.17667469602508584,5000,model sensitivity evidence; non-causal
channel_48,value,0.0018417207757011056,0.0034791287858271886,0.041747559099347686,5000,model sensitivity evidence; non-causal
channel_48,delta_1,0.0,0.0077935827450827415,0.14349005876216703,5000,model sensitivity evidence; non-causal
channel_48,rolling_mean_24,0.0018418259860482067,0.0029612347677502805,0.02410322642211793,5000,model sensitivity evidence; non-causal
channel_48,rolling_std_24,1.8140539251462552e-06,0.01575832077865838,0.15759146504393007,5000,model sensitivity evidence; non-causal
channel_48,rolling_margin_24,-5.264688904087472e-07,0.008131585114696872,0.13089120442818214,5000,model sensitivity evidence; non-causal
channel_48,rolling_abs_z_24,0.3634411730543532,0.008077590996720778,0.1751922627050958,5000,model sensitivity evidence; non-causal
channel_49,value,0.0017961702542379498,0.0029269408883619034,0.019544124272990904,5000,model sensitivity evidence; non-causal
channel_49,delta_1,0.0,0.008511603713141963,0.1471095684198443,5000,model sensitivity evidence; non-causal
channel_49,rolling_mean_24,0.0017948041786439717,0.004237827075396354,0.02552475524847153,5000,model sensitivity evidence; non-causal
channel_49,rolling_std_24,1.825480189384872e-06,0.01742050193713948,0.15564528967059277,5000,model sensitivity evidence; non-causal
channel_49,rolling_margin_24,-5.264494878549648e-07,0.008540177593925035,0.11996954722223574,5000,model sensitivity evidence; non-causal
channel_49,rolling_abs_z_24,0.3546980373316388,0.007674219154464638,0.16018268778122918,5000,model sensitivity evidence; non-causal
channel_50,value,0.7501820921897888,0.0066754410981642994,0.027308033316435276,5000,model sensitivity evidence; non-causal
channel_50,delta_1,0.0,0.008178010503931812,0.14091058959322372,5000,model sensitivity evidence; non-causal
channel_50,rolling_mean_24,0.7494273111224174,0.006047764525498758,0.02991260563792114,5000,model sensitivity evidence; non-causal
channel_50,rolling_std_24,0.0009009129360633795,0.012715092623275347,0.14082299212346672,5000,model sensitivity evidence; non-causal
channel_50,rolling_margin_24,-0.00022189070781075682,0.008236956724156986,0.115754342186555,5000,model sensitivity evidence; non-causal
channel_50,rolling_abs_z_24,0.3660528850047859,0.008298883979480299,0.18333250670551593,5000,model sensitivity evidence; non-causal
channel_51,value,0.7746321558952332,0.00515134295730416,0.028489339389068946,5000,model sensitivity evidence; non-causal
channel_51,delta_1,0.0,0.009287565712554628,0.16256164909855825,5000,model sensitivity evidence; non-causal
channel_51,rolling_mean_24,0.7740987911820412,0.0037079027375858695,0.022472294303270912,5000,model sensitivity evidence; non-causal
channel_51,rolling_std_24,0.0007660487142713208,0.013958956692730652,0.13369466959521425,5000,model sensitivity evidence; non-causal
channel_51,rolling_margin_24,-0.00022118538618087769,0.009341298402525842,0.12806759149848246,5000,model sensitivity evidence; non-causal
channel_51,rolling_abs_z_24,0.3698718809558756,0.007193821092060794,0.17270398347594934,5000,model sensitivity evidence; non-causal
channel_52,value,0.7544338703155518,0.0045141489078269785,0.03576846705077941,5000,model sensitivity evidence; non-causal
channel_52,delta_1,0.0,0.008679072981170146,0.17679494406183283,5000,model sensitivity evidence; non-causal
channel_52,rolling_mean_24,0.7544780746102333,0.006376258843218688,0.033597526861176785,5000,model sensitivity evidence; non-causal
channel_52,rolling_std_24,0.0007671039277321844,0.014100759945072547,0.1533194081662959,5000,model sensitivity evidence; non-causal
channel_52,rolling_margin_24,-0.00022100905577338015,0.00820338459531287,0.11420113511777708,5000,model sensitivity evidence; non-causal
channel_52,rolling_abs_z_24,0.36344364055685124,0.008020112135535957,0.22106071395964044,5000,model sensitivity evidence; non-causal
channel_53,value,0.8582317233085632,0.0038953753871977825,0.1070315616645513,5000,model sensitivity evidence; non-causal
channel_53,delta_1,0.0,0.007942678322186205,0.1515856641169397,5000,model sensitivity evidence; non-causal
channel_53,rolling_mean_24,0.834349604944388,0.007847131885248456,0.10443461982342417,5000,model sensitivity evidence; non-causal
channel_53,rolling_std_24,0.10304460872742055,0.010567059345192567,0.06976721885494641,5000,model sensitivity evidence; non-causal
channel_53,rolling_margin_24,0.018229174117247227,0.008992137538347055,0.10553349787147326,5000,model sensitivity evidence; non-causal
channel_53,rolling_abs_z_24,0.2674895314117785,0.0067284916941267,0.12252385070039262,5000,model sensitivity evidence; non-causal
channel_54,value,0.8001618385314941,0.03022097411126432,0.1173868508427306,5000,model sensitivity evidence; non-causal
channel_54,delta_1,0.0,0.009512005745256982,0.15614550840896685,5000,model sensitivity evidence; non-causal
channel_54,rolling_mean_24,0.7751483470201492,0.04174853204300373,0.11829237040059848,5000,model sensitivity evidence; non-causal
channel_54,rolling_std_24,0.08330976961771257,0.007294042362399775,0.0584725301960225,5000,model sensitivity evidence; non-causal
channel_54,rolling_margin_24,0.0249966333309809,0.01137234483046965,0.07947018006226092,5000,model sensitivity evidence; non-causal
channel_54,rolling_abs_z_24,0.3879835022639307,0.007586456160736003,0.06667495696902015,5000,model sensitivity evidence; non-causal
channel_55,value,0.5716463327407837,0.007941035099798197,0.09305259144332134,5000,model sensitivity evidence; non-causal
channel_55,delta_1,0.0,0.011344131734730846,0.16341238949900483,5000,model sensitivity evidence; non-causal
channel_55,rolling_mean_24,0.5358866800864538,0.00914424170840376,0.09310458798961141,5000,model sensitivity evidence; non-causal
channel_55,rolling_std_24,0.11825786263680003,0.00955417744709105,0.08979480017926678,5000,model sensitivity evidence; non-causal
channel_55,rolling_margin_24,0.029852638641993168,0.008415049489790829,0.08343833143382628,5000,model sensitivity evidence; non-causal
channel_55,rolling_abs_z_24,0.3888122026062234,0.007070846588241321,0.09286503176965655,5000,model sensitivity evidence; non-causal
channel_56,value,0.9000809192657471,0.056985754468995696,0.14267748443338646,5000,model sensitivity evidence; non-causal
channel_56,delta_1,0.0,0.006268283636792969,0.1360728025517714,5000,model sensitivity evidence; non-causal
channel_56,rolling_mean_24,0.8500876625378927,0.04326365036676333,0.1084223497083216,5000,model sensitivity evidence; non-causal
channel_56,rolling_std_24,0.10205202608059571,0.009565599791087155,0.08045461084394401,5000,model sensitivity evidence; non-causal
channel_56,rolling_margin_24,0.03330636024475098,0.011133432984085022,0.06692619117491772,5000,model sensitivity evidence; non-causal
channel_56,rolling_abs_z_24,0.5903260166752287,0.010253743146672087,0.09880015604187298,5000,model sensitivity evidence; non-causal
channel_57,value,0.7774561643600464,0.0360407870280111,0.07903074742810845,5000,model sensitivity evidence; non-causal
channel_57,delta_1,0.0,0.0064786085069395314,0.1400154424535764,5000,model sensitivity evidence; non-causal
channel_57,rolling_mean_24,0.7772650644183159,0.023287950273864284,0.0491471268038729,5000,model sensitivity evidence; non-causal
channel_57,rolling_std_24,0.0007951012924757753,0.010123992338676988,0.12715874330546628,5000,model sensitivity evidence; non-causal
channel_57,rolling_margin_24,-0.00022858629624045168,0.008541868637583399,0.10423716281140871,5000,model sensitivity evidence; non-causal
channel_57,rolling_abs_z_24,0.3641431136475487,0.006843800040263704,0.25445479955246164,5000,model sensitivity evidence; non-causal
channel_58,value,0.7096853256225586,0.02569671227251139,0.05446111378046481,5000,model sensitivity evidence; non-causal
channel_58,delta_1,0.0,0.007401147277046559,0.13644993276055462,5000,model sensitivity evidence; non-causal
channel_58,rolling_mean_24,0.7093410243590673,0.0247510936663383,0.05411856788154873,5000,model sensitivity evidence; non-causal
channel_58,rolling_std_24,0.0007867832921375306,0.012375215384316718,0.14883261642475137,5000,model sensitivity evidence; non-causal
channel_58,rolling_margin_24,-0.0002196580171585083,0.006417489052810015,0.11991793453648847,5000,model sensitivity evidence; non-causal
channel_58,rolling_abs_z_24,0.3541698745076248,0.008593361392190264,0.21694300193399002,5000,model sensitivity evidence; non-causal
channel_59,value,0.8791123628616333,0.04407826069996192,0.08260601059539796,5000,model sensitivity evidence; non-causal
channel_59,delta_1,0.0,0.007765683526736126,0.14308386630423586,5000,model sensitivity evidence; non-causal
channel_59,rolling_mean_24,0.8789203489820162,0.01889185707192351,0.05228567351232216,5000,model sensitivity evidence; non-causal
channel_59,rolling_std_24,0.0007631603173704304,0.014052430461868966,0.14875789683440288,5000,model sensitivity evidence; non-causal
channel_59,rolling_margin_24,-0.0001910900076230737,0.011269341306184026,0.1183140355252571,5000,model sensitivity evidence; non-causal
channel_59,rolling_abs_z_24,0.3540896189603003,0.00822142973749585,0.20326896217486878,5000,model sensitivity evidence; non-causal
channel_60,value,0.7078551650047302,0.041979227813615815,0.08391074604320992,5000,model sensitivity evidence; non-causal
channel_60,delta_1,0.0,0.006070894790037839,0.1546625142106674,5000,model sensitivity evidence; non-causal
channel_60,rolling_mean_24,0.7076256896058718,0.03066071138716247,0.06271268197809876,5000,model sensitivity evidence; non-causal
channel_60,rolling_std_24,0.0008013263665450366,0.011431265842627124,0.12049561024297067,5000,model sensitivity evidence; non-causal
channel_60,rolling_margin_24,-0.0002285937468210486,0.006804236492666399,0.1315206794707423,5000,model sensitivity evidence; non-causal
channel_60,rolling_abs_z_24,0.36341506061076406,0.007346361189092332,0.20071456504179874,5000,model sensitivity evidence; non-causal
channel_61,value,0.5733994245529175,0.01883431829633083,0.04044450064797317,5000,model sensitivity evidence; non-causal
channel_61,delta_1,0.0,5.3603323348797446e-05,0.03804736581882473,5000,model sensitivity evidence; non-causal
channel_61,rolling_mean_24,0.5733994245529175,0.026815780980149487,0.05091396217861527,5000,model sensitivity evidence; non-causal
channel_61,rolling_std_24,3.101641324862029e-08,0.013676269182297173,0.1378677024146293,5000,model sensitivity evidence; non-causal
channel_61,rolling_margin_24,0.0,0.0030054119194100545,0.12989713695051958,5000,model sensitivity evidence; non-causal
channel_61,rolling_abs_z_24,0.0,0.0040015321814249934,0.17024001445224685,5000,model sensitivity evidence; non-causal
channel_62,value,0.4660004675388336,0.02271964313003507,0.04019062665399675,5000,model sensitivity evidence; non-causal
channel_62,delta_1,0.0,6.473013156182725e-05,0.034733627768026354,5000,model sensitivity evidence; non-causal
channel_62,rolling_mean_24,0.4660004675388336,0.03093115867178087,0.062444916513459126,5000,model sensitivity evidence; non-causal
channel_62,rolling_std_24,1.7389547433810376e-08,0.016960964877064902,0.17975964630207047,5000,model sensitivity evidence; non-causal
channel_62,rolling_margin_24,0.0,0.0024557170003746197,0.13437670457738504,5000,model sensitivity evidence; non-causal
channel_62,rolling_abs_z_24,0.0,0.003168238451369925,0.19184956094961136,5000,model sensitivity evidence; non-causal
channel_63,value,0.4897438883781433,0.024833789573579713,0.051685678218393594,5000,model sensitivity evidence; non-causal
channel_63,delta_1,0.0,5.2920133038779606e-05,0.032219679385029454,5000,model sensitivity evidence; non-causal
channel_63,rolling_mean_24,0.4897438883781433,0.029762957378587977,0.06030731135993184,5000,model sensitivity evidence; non-causal
channel_63,rolling_std_24,1.634026294394627e-08,0.020582871982918846,0.15908040024593767,5000,model sensitivity evidence; non-causal
channel_63,rolling_margin_24,0.0,0.00271335798636086,0.08113332670117568,5000,model sensitivity evidence; non-causal
channel_63,rolling_abs_z_24,0.0,0.0037196986959866615,0.17786930694141345,5000,model sensitivity evidence; non-causal
channel_64,value,0.9670743346214294,0.00013137810023140765,0.039171620132249285,5000,model sensitivity evidence; non-causal
channel_64,delta_1,0.0,0.0002682049678375359,0.0756239738876795,5000,model sensitivity evidence; non-causal
channel_64,rolling_mean_24,0.9670743346214294,0.0014378860820005882,0.049489265415614825,5000,model sensitivity evidence; non-causal
channel_64,rolling_std_24,1.4154286212623483e-08,0.20037300232090746,0.29652369141986656,5000,model sensitivity evidence; non-causal
channel_64,rolling_margin_24,0.0,0.0011360082111454097,0.10261827481562602,5000,model sensitivity evidence; non-causal
channel_64,rolling_abs_z_24,0.0,0.002567400575460392,0.09706696356118405,5000,model sensitivity evidence; non-causal
channel_65,value,0.9680150747299194,0.00033863851304397573,0.10772357020012746,5000,model sensitivity evidence; non-causal
channel_65,delta_1,0.0,0.0009913054032153151,0.15139744966986085,5000,model sensitivity evidence; non-causal
channel_65,rolling_mean_24,0.9680150747299194,0.003929944262157863,0.08834320396945622,5000,model sensitivity evidence; non-causal
channel_65,rolling_std_24,4.656861741743597e-09,0.07560454078990218,0.23869404385986298,5000,model sensitivity evidence; non-causal
channel_65,rolling_margin_24,0.0,0.005026568851682733,0.08903709376638602,5000,model sensitivity evidence; non-causal
channel_65,rolling_abs_z_24,0.0,0.0023394215675304176,0.19327283432327402,5000,model sensitivity evidence; non-causal
channel_66,value,0.9925788640975952,0.03711794334203495,0.15041724627946595,5000,model sensitivity evidence; non-causal
channel_66,delta_1,0.0,0.005863262911766116,0.12232383886196241,5000,model sensitivity evidence; non-causal
channel_66,rolling_mean_24,0.9925788640975952,0.029789401976840976,0.13850456919615362,5000,model sensitivity evidence; non-causal
channel_66,rolling_std_24,6.310891764496286e-05,0.013846080450211093,0.05728311260399793,5000,model sensitivity evidence; non-causal
channel_66,rolling_margin_24,0.0,0.008409081301873155,0.08931458936562431,5000,model sensitivity evidence; non-causal
channel_66,rolling_abs_z_24,0.20412414486887287,0.005964773555268053,0.1448772321374029,5000,model sensitivity evidence; non-causal
channel_67,value,0.9961309432983398,0.030595284478273282,0.06740779966971999,5000,model sensitivity evidence; non-causal
channel_67,delta_1,0.0,0.00571945658191941,0.12251920868689276,5000,model sensitivity evidence; non-causal
channel_67,rolling_mean_24,0.9962275698781013,0.02825971443165593,0.10019950340100414,5000,model sensitivity evidence; non-causal
channel_67,rolling_std_24,0.00011963803778234906,0.04215586448264006,0.08285646528371904,5000,model sensitivity evidence; non-causal
channel_67,rolling_margin_24,-3.220885992050171e-05,0.00885050527124069,0.0802216609050107,5000,model sensitivity evidence; non-causal
channel_67,rolling_abs_z_24,0.7582875444051368,0.01843422826741023,0.09425967760510312,5000,model sensitivity evidence; non-causal
channel_68,value,0.7093859910964966,0.017195998695574272,0.11457611823522124,5000,model sensitivity evidence; non-causal
channel_68,delta_1,0.0,0.009857238187330567,0.24904004190446288,5000,model sensitivity evidence; non-causal
channel_68,rolling_mean_24,0.7093859910964966,0.05160678898991804,0.09804433695614823,5000,model sensitivity evidence; non-causal
channel_68,rolling_std_24,5.263334824283932e-05,0.040561115467704356,0.08460257230549917,5000,model sensitivity evidence; non-causal
channel_68,rolling_margin_24,0.0,0.040028199591431425,0.08129513750112805,5000,model sensitivity evidence; non-causal
channel_68,rolling_abs_z_24,0.20412414499223225,0.055395522273858,0.10460973201212453,5000,model sensitivity evidence; non-causal
channel_69,value,0.211964413523674,0.0007344749136199222,0.051546048575323966,5000,model sensitivity evidence; non-causal
channel_69,delta_1,0.0,0.00278340411785813,0.12670948153511796,5000,model sensitivity evidence; non-causal
channel_69,rolling_mean_24,0.211964413523674,0.02011280015699707,0.08073077750275659,5000,model sensitivity evidence; non-causal
channel_69,rolling_std_24,2.0984465703798363e-10,0.0680725495898917,0.13469625931148588,5000,model sensitivity evidence; non-causal
channel_69,rolling_margin_24,0.0,0.022346352986688738,0.0870768125110517,5000,model sensitivity evidence; non-causal
channel_69,rolling_abs_z_24,0.0,0.038476121402337346,0.12770654178130192,5000,model sensitivity evidence; non-causal
channel_70,value,0.7790430188179016,0.012254172138129994,0.050859135392057386,5000,model sensitivity evidence; non-causal
channel_70,delta_1,-0.0013673901557922363,0.01623702366676829,0.06237844467824938,5000,model sensitivity evidence; non-causal
channel_70,rolling_mean_24,0.7799546072880427,0.009827887081366225,0.10438104209511906,5000,model sensitivity evidence; non-causal
channel_70,rolling_std_24,0.004624209171238776,0.012632794927293947,0.10128833017472821,5000,model sensitivity evidence; non-causal
channel_70,rolling_margin_24,-0.0009493182102838782,0.014579542825440177,0.06834756544128834,5000,model sensitivity evidence; non-causal
channel_70,rolling_abs_z_24,0.6991339753897566,0.01932266144293219,0.061040436729363545,5000,model sensitivity evidence; non-causal
channel_71,value,0.8132137656211853,0.030721220202478004,0.05516542902130256,5000,model sensitivity evidence; non-causal
channel_71,delta_1,0.0,0.04313932419791506,0.09450174349350604,5000,model sensitivity evidence; non-causal
channel_71,rolling_mean_24,0.8131550078590711,0.010860950484619594,0.11038674686931044,5000,model sensitivity evidence; non-causal
channel_71,rolling_std_24,0.004009985547058873,0.007817093495077646,0.08832972916801074,5000,model sensitivity evidence; non-causal
channel_71,rolling_margin_24,-0.00018999973932898317,0.031292241423258066,0.06579189929781282,5000,model sensitivity evidence; non-causal
channel_71,rolling_abs_z_24,0.8629237851350466,0.007561372518665018,0.07529173039599213,5000,model sensitivity evidence; non-causal
channel_72,value,0.8232334852218628,0.02488424001979783,0.05224376864447211,5000,model sensitivity evidence; non-causal
channel_72,delta_1,-0.00045734643936157227,0.026690787662607806,0.07501330752484481,5000,model sensitivity evidence; non-causal
channel_72,rolling_mean_24,0.8239177614450455,0.011650225972106765,0.13293719918832936,5000,model sensitivity evidence; non-causal
channel_72,rolling_std_24,0.004423190764064283,0.010459830632348292,0.11969448904804764,5000,model sensitivity evidence; non-causal
channel_72,rolling_margin_24,-0.0010265111923217773,0.020687030493446848,0.0639689004158065,5000,model sensitivity evidence; non-causal
channel_72,rolling_abs_z_24,0.8265026286960111,0.015772197506447372,0.06301796388230785,5000,model sensitivity evidence; non-causal
channel_73,value,0.9380428194999695,0.01704494674062332,0.05041379864511131,5000,model sensitivity evidence; non-causal
channel_73,delta_1,-0.0031874775886535645,0.01307860089392479,0.08480121347666142,5000,model sensitivity evidence; non-causal
channel_73,rolling_mean_24,0.9376616949836413,0.010929707451224133,0.09504097812919471,5000,model sensitivity evidence; non-causal
channel_73,rolling_std_24,0.004478516369927047,0.011653883967814867,0.09593908999857825,5000,model sensitivity evidence; non-causal
channel_73,rolling_margin_24,-0.00032201409339904785,0.026002529826195928,0.06519001462729468,5000,model sensitivity evidence; non-causal
channel_73,rolling_abs_z_24,0.8303703660162718,0.0152418352347849,0.07200266934883615,5000,model sensitivity evidence; non-causal
channel_74,value,0.984053373336792,0.010586715770136652,0.05456332000359193,5000,model sensitivity evidence; non-causal
channel_74,delta_1,-0.0022774338722229004,0.011049264821412441,0.07288843085228125,5000,model sensitivity evidence; non-causal
channel_74,rolling_mean_24,0.9840358545382818,0.019564812116071077,0.10584897175858848,5000,model sensitivity evidence; non-causal
channel_74,rolling_std_24,0.004470783085651053,0.012167139404848067,0.09533246059985723,5000,model sensitivity evidence; non-causal
channel_74,rolling_margin_24,-0.0001711025834083557,0.009037110335627131,0.05014814651536137,5000,model sensitivity evidence; non-causal
channel_74,rolling_abs_z_24,0.6950276974659206,0.011511648711731515,0.07998865963548396,5000,model sensitivity evidence; non-causal
channel_75,value,0.9093416333198547,0.010768751564249402,0.05956409293142584,5000,model sensitivity evidence; non-causal
channel_75,delta_1,-0.0009100437164306641,0.017550647586033603,0.07902778135037924,5000,model sensitivity evidence; non-causal
channel_75,rolling_mean_24,0.9095675945281982,0.011050518591532164,0.0888878986864704,5000,model sensitivity evidence; non-causal
channel_75,rolling_std_24,0.003032083854293787,0.012074298737208809,0.08748859185948182,5000,model sensitivity evidence; non-causal
channel_75,rolling_margin_24,-0.0005674213171005249,0.01194503363094655,0.06685483978497375,5000,model sensitivity evidence; non-causal
channel_75,rolling_abs_z_24,0.7062740935311238,0.015798904350833906,0.07391866164584404,5000,model sensitivity evidence; non-causal
channel_76,value,0.9694740772247314,0.011515060512215564,0.043128867942521576,5000,model sensitivity evidence; non-causal
channel_76,delta_1,-0.0009100437164306641,0.01718990636803808,0.06744014215120708,5000,model sensitivity evidence; non-causal
channel_76,rolling_mean_24,0.9689253345131874,0.010361294999609324,0.08337317701298663,5000,model sensitivity evidence; non-causal
channel_76,rolling_std_24,0.0027434862549163166,0.09197510592844046,0.1492051633819954,5000,model sensitivity evidence; non-causal
channel_76,rolling_margin_24,0.00024461994568503176,0.018106059076147443,0.0574918552914051,5000,model sensitivity evidence; non-causal
channel_76,rolling_abs_z_24,0.7328708647577278,0.008417713882935888,0.033284932524394684,5000,model sensitivity evidence; non-causal
