channel,samples,train_normal_samples,validation_normal_samples,test_samples,test_positive_samples,mean,std,threshold,precision,recall,f1,f0_5,roc_auc,pr_auc,events,detected_events,event_recall
channel_1,10513336,6308001,2102667,2102668,0,0.13806079343648256,0.005357609410648261,3.5,0.0,0.0,0.0,0.0,,,0,0,0.0
channel_2,10513336,6308001,2102667,2102668,0,0.12672095855108206,0.014589380637562014,3.5,0.0,0.0,0.0,0.0,,,0,0,0.0
channel_3,10513336,6308001,2102667,2102668,0,0.1267943032877109,0.015470948876217035,3.5,0.0,0.0,0.0,0.0,,,0,0,0.0
channel_4,3589376,2153625,717875,717876,0,0.05462199218906676,0.0285889733823307,5.166406716903876,0.0,0.0,0.0,0.0,,,0,0,0.0
channel_5,3589376,2153625,717875,717876,0,0.05396246043953826,0.041848000768857196,5.143898190768202,0.0,0.0,0.0,0.0,,,0,0,0.0
channel_6,3589376,2153625,717875,717876,0,0.07704610315036688,0.03579610849508025,5.061193258076941,0.0,0.0,0.0,0.0,,,0,0,0.0
channel_7,3589376,2153625,717875,717876,0,0.06303498600096667,0.04741350471286534,5.119055122747047,0.0,0.0,0.0,0.0,,,0,0,0.0
channel_8,3589376,2153625,717875,717876,0,0.08033596278921884,0.0610719597752789,3.7365610548226043,0.0,0.0,0.0,0.0,,,0,0,0.0
channel_9,3589376,2153625,717875,717876,0,0.07932610479247118,0.06028649281078829,3.7425078429429965,0.0,0.0,0.0,0.0,,,0,0,0.0
channel_10,3589376,2153625,717875,717876,0,0.05294627048359747,0.026018582676062524,3.545139801435225,0.0,0.0,0.0,0.0,,,0,0,0.0
channel_11,3589376,2153625,717875,717876,0,0.026525820834378502,0.0021214883295393406,16.48772192834825,0.0,0.0,0.0,0.0,,,0,0,0.0
channel_12,14258506,8363923,2851701,2851702,1727,0.264135882996947,0.036774869278511924,3.5,0.0,0.0,0.0,0.0,0.9958474248443335,0.11433684143940952,1,0,0.0
channel_13,14258506,8387568,2851701,2851702,1706,0.31600713002996217,0.03576265038671225,3.5,0.0,0.0,0.0,0.0,0.9899504668604071,0.047805878940323565,1,0,0.0
channel_14,5272893,3059903,1013428,1054580,81876,0.23817833357037158,0.056645893745186096,3.5,0.27033363799964805,0.5815990033709512,0.3691037690146304,0.30273805043281904,0.7101109290146768,0.33111638073195987,23,9,0.391304347826087
channel_15,5272893,3000896,992078,1054580,73263,0.09272880005443813,0.044704028210437056,3.5,0.2118824707060001,0.49116197807897577,0.29605130546745484,0.2390699763348362,0.7220406516732272,0.246254491588621,9,5,0.5555555555555556
channel_16,5272893,2947139,1016861,1054580,47510,0.7372543788365292,0.06692935289870273,3.5,0.0,0.0,0.0,0.0,0.28864419572356337,0.030238414551808892,5,0,0.0
channel_17,14258506,8344539,2851701,2851702,1712,0.30200559955500406,0.037671209768825736,3.5,0.0,0.0,0.0,0.0,0.9799231536490389,0.025081678764733318,1,0,0.0
channel_18,14258506,8353438,2851701,2851702,1746,0.3236756348228182,0.036748520157490305,3.5,0.0,0.0,0.0,0.0,0.9223326853934252,0.004283889356289621,1,0,0.0
channel_19,14258506,8370631,2851701,2851702,1876,0.2683657763854988,0.04531607799189125,3.5,0.0,0.0,0.0,0.0,0.9532188589969007,0.00869376584975895,1,0,0.0
channel_20,14258506,8364218,2851701,2851702,1787,0.3163777786233255,0.03651077754668768,3.5,0.0,0.0,0.0,0.0,0.8493892441471523,0.0023161587503975024,1,0,0.0
channel_21,5272893,3061417,1007774,1054580,81571,0.24436649504173585,0.05767284980345361,3.5,0.27022566539816134,0.5841169042919665,0.36950840267706886,0.3027655386007475,0.7124963733083781,0.3393614317671555,21,7,0.3333333333333333
channel_22,5272893,2952214,965639,1054580,98341,0.30980615769752773,0.045490312549960575,3.5,0.2562632346846668,0.4590150598427919,0.32890326717379265,0.2810958378636218,0.6253129265748429,0.36373895472947243,9,3,0.3333333333333333
channel_23,5272893,2998229,992523,1054580,74446,0.09880595809678473,0.04457627527264055,3.5,0.21464704462072093,0.4896032023211455,0.2984503899613109,0.24180622596798118,0.7179036133159225,0.2532585668472486,9,5,0.5555555555555556
channel_24,5272893,2946780,1016083,1054580,47226,0.7305965677785523,0.06686622451225356,3.5,0.0,0.0,0.0,0.0,0.28563335247623073,0.03005639708480347,4,0,0.0
channel_25,14258506,8376170,2851701,2851702,1678,0.258631006347828,0.03681774921471171,3.5,0.0,0.0,0.0,0.0,0.8148595436247118,0.0016615776262739218,1,0,0.0
channel_26,14258506,8348592,2851701,2851702,1710,0.36273947031588516,0.036091683166412605,3.5,0.0,0.0,0.0,0.0,0.9619164319312176,0.008489716135181203,2,0,0.0
channel_27,14258506,8362005,2851701,2851702,1706,0.23421663358170666,0.03893048339007409,3.5,0.0,0.0,0.0,0.0,0.8631806809495828,0.002279078984997703,1,0,0.0
channel_28,14258506,8360907,2851701,2851702,1718,0.17576919532065968,0.04186681790973446,3.5,0.0,0.0,0.0,0.0,0.7083398637432703,0.0010811338637914747,1,0,0.0
channel_29,5272893,3088276,1007991,1054580,78935,0.2595409215125928,0.05257536708819775,3.5,0.2539898826455008,0.5667447900171027,0.3507770476892436,0.2855002188988177,0.6784851090365782,0.2819488410332934,21,7,0.3333333333333333
channel_30,5272893,3032229,1005649,1054580,78078,0.12130062420924685,0.05049664068972418,3.5,0.20698540954569958,0.44751402443710137,0.28305257060922606,0.2319152438425411,0.6946106174194524,0.2354636341507575,9,3,0.3333333333333333
channel_31,5272893,2945899,968082,1054580,95459,0.30792131832237596,0.04555612410912584,3.5,0.2404728679532124,0.44408594265600937,0.311998380834974,0.2647504443525693,0.608099305639631,0.3215551286899323,9,3,0.3333333333333333
channel_32,5272893,2946861,1015866,1054580,47243,0.7457180311796198,0.06697919289382996,3.5,0.0,0.0,0.0,0.0,0.28369957873217094,0.029965636099166144,4,0,0.0
channel_33,5272893,2947739,1015850,1054580,47219,0.7791458749177858,0.06728504522009132,3.5,0.0,0.0,0.0,0.0,0.2781022196297104,0.02959485319967997,4,0,0.0
channel_34,14258506,8363230,2851701,2851702,1709,0.15468944036516646,0.03721811840279555,3.5,0.0,0.0,0.0,0.0,0.9893129182245574,0.04024726942746685,1,0,0.0
channel_35,14258506,8366221,2851701,2851702,1843,0.1960756159020015,0.03742264193908104,3.5,0.0,0.0,0.0,0.0,0.995310633388949,0.5918607823942255,1,0,0.0
channel_36,14258506,8365326,2851701,2851702,1793,0.23846038609010894,0.0414311712735938,3.5,0.0,0.0,0.0,0.0,0.953639777248163,0.021696226101316336,1,0,0.0
channel_37,14258506,8363582,2851701,2851702,1890,0.2759529206719051,0.03871745492052639,3.5,0.0,0.0,0.0,0.0,0.9940321729345005,0.17908201499422322,1,0,0.0
channel_38,5272893,3031769,1004971,1054580,78052,0.12075609717583254,0.05054736992017804,3.5,0.20536551216791846,0.4434992056577666,0.28073476339159,0.23007268531565203,0.6987641693471242,0.2345575321716719,9,3,0.3333333333333333
channel_39,5272893,2940663,969573,1054580,95467,0.310559702928976,0.04642172130735394,3.5,0.23975127062097162,0.442236584369468,0.3109345195572282,0.2639192245516956,0.5919669138819023,0.3111959123568304,9,3,0.3333333333333333
channel_40,5272893,2948267,1014837,1054580,47239,0.78276473259649,0.06732078452824629,3.5,0.0,0.0,0.0,0.0,0.2779077626638938,0.029599264164932058,4,0,0.0
channel_41,15381169,9126386,3054474,3076235,63691,0.8110015258422376,0.004967756685615676,3.5,1.0,0.004568934386334019,0.009096308336719702,0.02243466193816976,0.5019308866199267,0.032003287599874135,49,14,0.2857142857142857
channel_42,15381169,9126448,3054518,3076235,63796,0.7847299003284849,0.006935775816915095,3.5,0.625,0.0019593704934478652,0.0039064941558847426,0.009675521704130288,0.5024590017316239,0.028809141184483248,46,12,0.2608695652173913
channel_43,15381169,9125766,3054515,3076235,63730,0.772041972509088,0.004990143402796532,3.5,0.43828264758497315,0.003844343323395575,0.007621832661886171,0.01857017251311282,0.438132316017522,0.02176671647450389,48,13,0.2708333333333333
channel_44,15381169,9125751,3054512,3076235,63703,0.7970843842207628,0.005927928686656471,3.5,0.6990595611285266,0.00350062006498909,0.006966355315360345,0.017159389956755262,0.5115981384631788,0.032361845297596045,47,15,0.3191489361702128
channel_45,15381169,9126452,3054509,3076235,63727,0.8132503972310041,0.005594242887440442,3.5,0.9654088050314465,0.004817424325639054,0.009587009134202512,0.023615747934583608,0.4970298438625453,0.030120998359933118,47,14,0.2978723404255319
channel_46,15381169,9126422,3054491,3076235,63669,0.7684739141937021,0.006900733277275124,3.5,0.19426336375488917,0.002340228368593821,0.004624743931963498,0.011163222799946058,0.4976262619949827,0.0259412415030688,46,13,0.2826086956521739
channel_47,14644745,8540463,2872286,2928949,90471,0.0017895829125224667,3.28222424614193e-05,3.5,0.0,0.0,0.0,0.0,0.29181977800216596,0.020916961558795202,13,0,0.0
channel_48,14644745,8534115,2872256,2928949,90961,0.0018471100185901196,3.1097376932182594e-05,3.5,0.0,0.0,0.0,0.0,0.2900179820768388,0.02135151890214941,14,0,0.0
channel_49,14644745,8535979,2873582,2928949,90462,0.0018007175708412207,3.192233674251561e-05,3.5,0.0,0.0,0.0,0.0,0.28513787233422166,0.020902584727506893,15,0,0.0
channel_50,4974682,2846589,973587,994937,28869,0.7524945559795913,0.013874308524980844,3.5,0.0,0.0,0.0,0.0,0.2775995661350985,0.019398134452178695,11,0,0.0
channel_51,4974682,2846814,973521,994937,29034,0.7766651155038733,0.013157481343972427,3.5,0.0,0.0,0.0,0.0,0.29993517230765426,0.02050433506307354,12,0,0.0
channel_52,4974682,2846703,975668,994937,28699,0.7571786501956602,0.013497044650409582,3.5,0.0,0.0,0.0,0.0,0.2707868994811964,0.019297077316000635,14,0,0.0
channel_53,14639410,8783646,2927882,2927882,0,0.8323977283568753,0.1512924395085725,5.501912263829352,0.0,0.0,0.0,0.0,,,0,0,0.0
channel_54,14639410,8783646,2927882,2927882,0,0.7715366946162302,0.08076361342222296,4.599296138578579,0.0,0.0,0.0,0.0,,,0,0,0.0
channel_55,14639410,8783646,2927882,2927882,0,0.5311639834209012,0.1139837844721157,4.659996032600953,0.0,0.0,0.0,0.0,,,0,0,0.0
channel_56,14639410,8783646,2927882,2927882,0,0.8461921481032038,0.09599856798333223,4.647061286527866,0.0,0.0,0.0,0.0,,,0,0,0.0
channel_57,14639410,8646485,2881521,2927882,24194,0.7772813515596619,0.019405575354167665,3.5,0.01142689356391049,0.6160618335124411,0.02243760786949607,0.014217688502416196,0.4933231871841775,0.01092754499331868,3,2,0.6666666666666666
channel_58,14639410,8644652,2881197,2927882,25194,0.7096029754739819,0.019431187392843857,3.5,0.01218939273755904,0.6313011034373264,0.023916987527227096,0.015163545102418043,0.49980363895972346,0.02818460236758371,3,2,0.6666666666666666
channel_59,14639410,8653683,2881396,2927882,23722,0.8790574068402989,0.01924976124767909,3.5,0.010784053675716368,0.5929938453756007,0.02118288022118017,0.013419058096021959,0.4689163934788571,0.00976053026621029,3,2,0.6666666666666666
channel_60,14639410,8652950,2881507,2927882,24010,0.7079792662877541,0.01923408699295074,3.5,0.01121241197911717,0.60932944606414,0.0220196355547127,0.013951334540986788,0.4829053194628529,0.03243928460009163,3,2,0.6666666666666666
channel_61,487448,292467,97197,97491,290,0.5400562732014154,0.3460505510222397,3.5,0.0,0.0,0.0,0.0,0.6251174689915564,0.007838080466468453,1,0,0.0
channel_62,487448,292467,97197,97491,290,0.49293524461928007,0.32985308766557836,3.5,0.0,0.0,0.0,0.0,0.30081943601403277,0.004225074830086119,1,0,0.0
channel_63,487448,292467,97197,97491,290,0.5018242163377868,0.14305411499337423,3.5,0.0,0.0,0.0,0.0,0.30081943601403277,0.004225074830086119,1,0,0.0
channel_64,4810995,2886583,962085,962199,1683,0.9670743682978598,1.7712729340930433e-05,3.5,0.343494271685761,0.9976232917409388,0.5110333282605386,0.395337885566282,0.9988040899570255,0.9960121087631065,4,3,0.75
channel_65,4810995,2886582,962085,962199,1687,0.9680136024176033,2.7756093703919532e-05,11.244655936691878,0.337696335078534,0.99407231772377,0.5041334736209229,0.38907707298965244,0.998488968734063,0.99305759445178,5,3,0.6
channel_66,4810995,2880525,957601,962199,19155,0.9926536529591687,0.00042619089707683356,3.5,1.0,0.4191594883842339,0.5907151265450264,0.782996235688791,0.7849898883070789,0.48730622168658666,7,3,0.42857142857142855
channel_67,4810995,2886597,962199,962199,0,0.9962273393906769,0.0014418066440196997,3.5,0.0,0.0,0.0,0.0,,,0,0,0.0
channel_68,4810995,2886597,962199,962199,0,0.7093925549916658,0.0010237334688692633,3.5,0.0,0.0,0.0,0.0,,,0,0,0.0
channel_69,4810995,2886597,962199,962199,0,0.211964624891925,0.00030619111476425727,3.5,0.0,0.0,0.0,0.0,,,0,0,0.0
channel_70,14670328,8762291,2925564,2934067,0,0.7800578720456766,0.004577190500176292,3.5,0.0,0.0,0.0,0.0,,,0,0,0.0
channel_71,14666814,8760267,2924406,2933364,0,0.8132904893741262,0.003989560689351037,3.5,0.0,0.0,0.0,0.0,,,0,0,0.0
channel_72,14668450,8754497,2924691,2933690,0,0.8240631807666968,0.004393055580826167,3.5,0.0,0.0,0.0,0.0,,,0,0,0.0
channel_73,14669336,8756377,2924950,2933868,0,0.93793540299127,0.004537375213795253,3.5,0.0,0.0,0.0,0.0,,,0,0,0.0
channel_74,19286353,11516814,3839490,3857272,8469,0.984326752452169,0.004581756448909467,3.5,0.0,0.0,0.0,0.0,0.6734830704514099,0.02035843320012463,1,0,0.0
channel_75,14667583,8755805,2924574,2933518,0,0.909822246243631,0.003113483865255053,3.5,0.0,0.0,0.0,0.0,,,0,0,0.0
channel_76,14671647,8755285,2925378,2934330,0,0.9691649830775741,0.002838617936803845,3.5,0.0,0.0,0.0,0.0,,,0,0,0.0
