channel,status,samples,train_normal_samples,calibration_normal_samples,test_samples,test_positive_samples,threshold,score_mean,score_max,margin_mean,precision,recall,f1,f0_5,roc_auc,pr_auc,false_alarms_per_sample,local_model_path,local_model_sha256
channel_1,research_candidate,10513336,250000,250000,250000,0,0.051594136540962454,-0.010118830866626929,0.3724419024521203,-0.061712967407589386,0.0,0.0,0.0,0.0,,,0.24296,C:/Users/benja/Documents/SATISH v1 2/AIxSpace-Technical-Framework-v1-polished/artifacts/esa_rebuild/local_model_binaries/channel_1.joblib,5446ba6762d5fe1fcdaf6bef4657b32a9bea2098b384211257f630037e1c72c3
channel_2,research_candidate,10513336,250000,250000,250000,0,0.046633816183069166,-0.04005446139095461,0.24943927481295125,-0.0866882775740238,0.0,0.0,0.0,0.0,,,0.0036,C:/Users/benja/Documents/SATISH v1 2/AIxSpace-Technical-Framework-v1-polished/artifacts/esa_rebuild/local_model_binaries/channel_2.joblib,4b1bc2c7df0ced7c393665488eef8d097913b4eb3bc7c9cf726b8e4985f3aaa0
channel_3,research_candidate,10513336,250000,250000,250000,0,0.30291092274868486,-0.1560259523228822,0.38842571210918614,-0.4589368750715671,0.0,0.0,0.0,0.0,,,0.00506,C:/Users/benja/Documents/SATISH v1 2/AIxSpace-Technical-Framework-v1-polished/artifacts/esa_rebuild/local_model_binaries/channel_3.joblib,9c52291bcc39c990ec499133e7df40aa30a385e714ca3cfdb99303178d7f1b86
channel_4,research_candidate,3589376,250000,250000,250000,0,0.19204551884784105,0.10117930290020571,0.27676330459101284,-0.09086621594763539,0.0,0.0,0.0,0.0,,,0.0082,C:/Users/benja/Documents/SATISH v1 2/AIxSpace-Technical-Framework-v1-polished/artifacts/esa_rebuild/local_model_binaries/channel_4.joblib,81aec546d192305ec63ba05b3a83d7a984fdea340e86f920c86f906621319585
channel_5,research_candidate,3589376,250000,250000,250000,0,0.20396434890991832,0.0825889103711184,0.27560037223662326,-0.12137543853879998,0.0,0.0,0.0,0.0,,,0.007732,C:/Users/benja/Documents/SATISH v1 2/AIxSpace-Technical-Framework-v1-polished/artifacts/esa_rebuild/local_model_binaries/channel_5.joblib,1c1b0cae0af9a255fba76b043a878c5fafc640e5d04a47be3939f23d092f8fa3
channel_6,research_candidate,3589376,250000,250000,250000,0,0.19525116189495406,0.06576850049146016,0.27309226614772697,-0.12948266140349396,0.0,0.0,0.0,0.0,,,0.007996,C:/Users/benja/Documents/SATISH v1 2/AIxSpace-Technical-Framework-v1-polished/artifacts/esa_rebuild/local_model_binaries/channel_6.joblib,e3fb57348baadb3e47be529e2c433a1ed70d5c26294b1cc98803f1268ac24ea1
channel_7,research_candidate,3589376,250000,250000,250000,0,0.17428927003643646,0.07498571159008142,0.25724242827194477,-0.09930355844635513,0.0,0.0,0.0,0.0,,,0.008052,C:/Users/benja/Documents/SATISH v1 2/AIxSpace-Technical-Framework-v1-polished/artifacts/esa_rebuild/local_model_binaries/channel_7.joblib,c93d8a4670b7d2df5e821dc0bd598a45364bb00b309203836f25ecbb8b0256a0
channel_8,research_candidate,3589376,250000,250000,250000,0,0.019344020151532137,-0.002576030387912308,0.1352855289705387,-0.021920050539444447,0.0,0.0,0.0,0.0,,,0.000532,C:/Users/benja/Documents/SATISH v1 2/AIxSpace-Technical-Framework-v1-polished/artifacts/esa_rebuild/local_model_binaries/channel_8.joblib,a5fa5a69b46bc02557618437d6c23299367607752581ad13280b8410be23d318
channel_9,research_candidate,3589376,250000,250000,250000,0,0.04145436911792677,0.04082089484754111,0.13175479682701585,-0.0006334742703856652,0.0,0.0,0.0,0.0,,,0.000532,C:/Users/benja/Documents/SATISH v1 2/AIxSpace-Technical-Framework-v1-polished/artifacts/esa_rebuild/local_model_binaries/channel_9.joblib,7d0e88c9a22f8c295f658c729ce7edcf45aab19821c4f51dce97d4e10f26f920
channel_10,research_candidate,3589376,250000,250000,250000,0,0.1526904190199354,0.152498297378569,0.1774539635370651,-0.00019212164136636463,0.0,0.0,0.0,0.0,,,0.004956,C:/Users/benja/Documents/SATISH v1 2/AIxSpace-Technical-Framework-v1-polished/artifacts/esa_rebuild/local_model_binaries/channel_10.joblib,939202d4912e12ff54599fa2f112c4964fea03c380bdd84b3b31edfcfbb72ebe
channel_11,research_candidate,3589376,250000,250000,250000,0,0.03688073489089194,0.03691425786163547,0.08598612981689135,3.352297074353019e-05,0.0,0.0,0.0,0.0,,,0.000856,C:/Users/benja/Documents/SATISH v1 2/AIxSpace-Technical-Framework-v1-polished/artifacts/esa_rebuild/local_model_binaries/channel_11.joblib,f8b16da3d8cd69cd274537dc10e5ffdf73c05860ccd8872c1608553cbd9eb291
channel_12,research_candidate,14258506,250000,250000,250000,151,0.1800578558047593,-0.06457793662634204,0.26134904134949877,-0.24463579243110134,0.0,0.0,0.0,0.0,0.8455388909205797,0.0017580184854231276,0.005976,C:/Users/benja/Documents/SATISH v1 2/AIxSpace-Technical-Framework-v1-polished/artifacts/esa_rebuild/local_model_binaries/channel_12.joblib,38210a73ae513e6d033dea786e1e129163d7c8dacfd78a9e1e387d9751ff008f
channel_13,research_candidate,14258506,250000,250000,250000,150,0.16547406065156667,-0.06506930764784906,0.24754509726820362,-0.2305433682994157,0.0007087172218284905,0.006666666666666667,0.0012812299807815504,0.0008629616845012082,0.8234598225602028,0.0015871757047423829,0.00564,C:/Users/benja/Documents/SATISH v1 2/AIxSpace-Technical-Framework-v1-polished/artifacts/esa_rebuild/local_model_binaries/channel_13.joblib,64a69d2ee8fb2ab5676f7f4099e2e17a4fddb638470a3d66b926e02a85ac1df8
channel_14,research_candidate,5272893,250000,250000,250000,19410,0.156876026886482,-0.09077292808482294,0.27012049155782347,-0.24764895497130493,0.12055109070034443,0.010819165378670788,0.019856278366111948,0.03980589885510653,0.6652948195140128,0.1257283473246158,0.006128,C:/Users/benja/Documents/SATISH v1 2/AIxSpace-Technical-Framework-v1-polished/artifacts/esa_rebuild/local_model_binaries/channel_14.joblib,c0e2cafdb96a77bec625345f9ea49bcb3b31e8259eeab8618d0bdde7b5b65121
channel_15,research_candidate,5272893,250000,250000,250000,17365,0.16633813313793036,-0.09143940427701008,0.25357841371544854,-0.25777753741494047,0.10121716848174248,0.009098761877339476,0.0166966078410652,0.03346181540937778,0.6298499921445412,0.09915961788232165,0.005612,C:/Users/benja/Documents/SATISH v1 2/AIxSpace-Technical-Framework-v1-polished/artifacts/esa_rebuild/local_model_binaries/channel_15.joblib,c60db7ac15f159594c6773398c59e86c3c88bcf284c7bc188647f2a3847ad2a1
channel_16,research_candidate,5272893,250000,250000,250000,11262,0.1580052743831415,-0.11086185157107313,0.24202310607164668,-0.26886712595421464,0.028417818740399385,0.003285384478778192,0.00588984399872652,0.011232544019429268,0.3491112273168835,0.032496171478103894,0.00506,C:/Users/benja/Documents/SATISH v1 2/AIxSpace-Technical-Framework-v1-polished/artifacts/esa_rebuild/local_model_binaries/channel_16.joblib,a58bb2a69293960b2ba2b6f714996ebac7666ba742462bc3a3b457f3c6c2e387
channel_17,research_candidate,14258506,250000,250000,250000,150,0.17045118018476296,-0.08403598204453007,0.2578579004080357,-0.2544871622292931,0.0,0.0,0.0,0.0,0.8688759522380095,0.002080570876202036,0.005956,C:/Users/benja/Documents/SATISH v1 2/AIxSpace-Technical-Framework-v1-polished/artifacts/esa_rebuild/local_model_binaries/channel_17.joblib,e728756a75c1c30606ad4dd65791f394d013c2a9395796640953a1519583ab10
channel_18,research_candidate,14258506,250000,250000,250000,153,0.15796385453406012,-0.08354738269276198,0.24383387594103012,-0.24151123722682205,0.0006218905472636816,0.006535947712418301,0.0011357183418512207,0.000759301442672741,0.819812143332373,0.0015675912999795246,0.006428,C:/Users/benja/Documents/SATISH v1 2/AIxSpace-Technical-Framework-v1-polished/artifacts/esa_rebuild/local_model_binaries/channel_18.joblib,c774b6f44bc574b419d8a618bc20ee7968597f4e6063fb048e6730df0840a1c0
channel_19,research_candidate,14258506,250000,250000,250000,165,0.1759492502691743,-0.1067932165736046,0.23410860316015947,-0.2827424668427788,0.0,0.0,0.0,0.0,0.8126601617673725,0.0016916570682197962,0.005448,C:/Users/benja/Documents/SATISH v1 2/AIxSpace-Technical-Framework-v1-polished/artifacts/esa_rebuild/local_model_binaries/channel_19.joblib,c11f51b9291fd318a387a21d04a935c11aa6efded16893288e1899825e158fde
channel_20,research_candidate,14258506,250000,250000,250000,157,0.16949000473612863,-0.05714321105668759,0.25365394585743617,-0.22663321579281623,0.0030156815440289505,0.03184713375796178,0.005509641873278236,0.0036824274561791125,0.8184702158560672,0.0017740272090983826,0.006612,C:/Users/benja/Documents/SATISH v1 2/AIxSpace-Technical-Framework-v1-polished/artifacts/esa_rebuild/local_model_binaries/channel_20.joblib,0d2f14dab197e3997a27000925de5a5a4fac502fcc56236fee9f40537982a970
channel_21,research_candidate,5272893,250000,250000,250000,19335,0.156711740438564,-0.09511390441669892,0.24421300391718914,-0.25182564485526293,0.09886714727085479,0.009930178432893715,0.018047657094515203,0.03542043316238054,0.6686863994625988,0.12732614196220016,0.007,C:/Users/benja/Documents/SATISH v1 2/AIxSpace-Technical-Framework-v1-polished/artifacts/esa_rebuild/local_model_binaries/channel_21.joblib,11819a7d2d957b0a18280401cecbc48d5564c942c1e87a54d209bb6f504f8124
channel_22,research_candidate,5272893,250000,250000,250000,23311,0.16561647373616117,-0.10787073862799916,0.2508107310505847,-0.27348721236416035,0.12944393801276208,0.006091544764274377,0.011635529334644379,0.025632694321094628,0.5970719375387213,0.13051255922795707,0.00382,C:/Users/benja/Documents/SATISH v1 2/AIxSpace-Technical-Framework-v1-polished/artifacts/esa_rebuild/local_model_binaries/channel_22.joblib,7dea5965c022e31c381c833e7a3aa867692b6d8df2190a23e4a1c8b68ab8ed54
channel_23,research_candidate,5272893,250000,250000,250000,17646,0.1576499210493374,-0.08701231552547874,0.2317538330363199,-0.24466223657481623,0.09232420826623725,0.009747251501756772,0.017632887385309343,0.03426567854012271,0.6090954429552314,0.09236497120116789,0.006764,C:/Users/benja/Documents/SATISH v1 2/AIxSpace-Technical-Framework-v1-polished/artifacts/esa_rebuild/local_model_binaries/channel_23.joblib,221cc58122b05ecb7f9bfa00eead78388a04d5cc7ddc29935a79bd37a2d4cca0
channel_24,research_candidate,5272893,250000,250000,250000,11195,0.1653298394018392,-0.10844637733366753,0.2602836171018915,-0.27377621673550684,0.03745019920318725,0.004198302813756141,0.007550200803212851,0.014492753623188406,0.35098536941591496,0.03280619972909076,0.004832,C:/Users/benja/Documents/SATISH v1 2/AIxSpace-Technical-Framework-v1-polished/artifacts/esa_rebuild/local_model_binaries/channel_24.joblib,b60674bd8ce17aa0021e02483b2438d4231438c6d32f9c47aa215c44c40fb0c7
channel_25,research_candidate,14258506,250000,250000,250000,148,0.1484678416171311,-0.09466099114796868,0.24860110700100724,-0.2431288327650998,0.0,0.0,0.0,0.0,0.7013165713021028,0.0009100594737515344,0.006944,C:/Users/benja/Documents/SATISH v1 2/AIxSpace-Technical-Framework-v1-polished/artifacts/esa_rebuild/local_model_binaries/channel_25.joblib,280e2ac85e342368c3b2d1de39342098c42896d7481bbb1460282bfdb0cf3f14
channel_26,research_candidate,14258506,250000,250000,250000,150,0.15202674388581738,-0.09863885188584133,0.2456782776856613,-0.25066559577165864,0.0,0.0,0.0,0.0,0.9015386965512641,0.002770588874892719,0.007352,C:/Users/benja/Documents/SATISH v1 2/AIxSpace-Technical-Framework-v1-polished/artifacts/esa_rebuild/local_model_binaries/channel_26.joblib,ee1597360404cf035d0607b795202796be521b45504cbd7718c8e322e3f0c09b
channel_27,research_candidate,14258506,250000,250000,250000,150,0.17680320497507176,-0.06914770029845393,0.2613599033095998,-0.24595090527352567,0.0,0.0,0.0,0.0,0.7759638049496365,0.0013251430046323312,0.007184,C:/Users/benja/Documents/SATISH v1 2/AIxSpace-Technical-Framework-v1-polished/artifacts/esa_rebuild/local_model_binaries/channel_27.joblib,bf21a5f50ac723ba628fe42804a4799f9878cf0e47aea48bb8e8b2425bccbfb8
channel_28,research_candidate,14258506,250000,250000,250000,151,0.1900764317662933,-0.09286653495362995,0.25780450463287763,-0.28294296671992325,0.0,0.0,0.0,0.0,0.6002860164625526,0.000717075344041712,0.004892,C:/Users/benja/Documents/SATISH v1 2/AIxSpace-Technical-Framework-v1-polished/artifacts/esa_rebuild/local_model_binaries/channel_28.joblib,6c7b505e6ed9122ab67a57aadb247879f1884503250cdaedbf7b27befb6a19a6
channel_29,research_candidate,5272893,250000,250000,250000,18715,0.15141082244104986,-0.10294280726996309,0.25363117483241615,-0.2543536297110129,0.08581918311151905,0.00999198503873898,0.0178998755623624,0.034085523677591045,0.6380208038755886,0.1094839858656627,0.007968,C:/Users/benja/Documents/SATISH v1 2/AIxSpace-Technical-Framework-v1-polished/artifacts/esa_rebuild/local_model_binaries/channel_29.joblib,bf7d61e61c7201f6c89184321bb71ce44d3d8fa01a9f8c8c87758ee52c10544d
channel_30,research_candidate,5272893,250000,250000,250000,18508,0.1490790638178755,-0.0980899425311237,0.24020550466588142,-0.2471690063489992,0.10159362549800798,0.011022260644045817,0.019886917527783193,0.038432554634513935,0.6464593407639334,0.10906648025719351,0.007216,C:/Users/benja/Documents/SATISH v1 2/AIxSpace-Technical-Framework-v1-polished/artifacts/esa_rebuild/local_model_binaries/channel_30.joblib,211a430ad9f02d3b9fb94580b52961fc3622b6fd99df224f6a2940b4fa046312
channel_31,research_candidate,5272893,250000,250000,250000,22628,0.15841686412790398,-0.1020911209371117,0.22852339577459213,-0.26050798506501566,0.11285500747384156,0.006673148311826057,0.012601185012100476,0.02698355968548964,0.5787225965047593,0.11561685939869745,0.004748,C:/Users/benja/Documents/SATISH v1 2/AIxSpace-Technical-Framework-v1-polished/artifacts/esa_rebuild/local_model_binaries/channel_31.joblib,4035b54977aba11bac8a499b106be6d5b58a0a03d0f7f2d7a6030c8d7207bb16
channel_32,research_candidate,5272893,250000,250000,250000,11200,0.16074784920385313,-0.11080126311244547,0.2540123959259004,-0.2715491123162986,0.050824175824175824,0.0066071428571428574,0.011694058154235146,0.021734022556390977,0.375969514237856,0.03535112365405203,0.005528,C:/Users/benja/Documents/SATISH v1 2/AIxSpace-Technical-Framework-v1-polished/artifacts/esa_rebuild/local_model_binaries/channel_32.joblib,2c88f6b9009cb2b4443120ef303692880bbd84f8cd8cf6b9755472b19a0297af
channel_33,research_candidate,5272893,250000,250000,250000,11193,0.16147188499641674,-0.10976108047687337,0.2637572581184472,-0.2712329654732901,0.038881309686221006,0.0050924685071026534,0.00900545066750928,0.01670868265228352,0.3751435458839346,0.0342017536498358,0.005636,C:/Users/benja/Documents/SATISH v1 2/AIxSpace-Technical-Framework-v1-polished/artifacts/esa_rebuild/local_model_binaries/channel_33.joblib,b3fab116cddd9c4aa30444dee0811ee6fd47ff43d1451c0a6edebb46a7f438a4
channel_34,research_candidate,14258506,250000,250000,250000,150,0.19437610388342685,-0.09208356987540069,0.25741739311770817,-0.2864596737588275,0.0017777777777777779,0.013333333333333334,0.0031372549019607846,0.0021505376344086017,0.9002136481889134,0.00281038722154835,0.004492,C:/Users/benja/Documents/SATISH v1 2/AIxSpace-Technical-Framework-v1-polished/artifacts/esa_rebuild/local_model_binaries/channel_34.joblib,1e1db703cd2d4249a06bb0026247fee9c85e8dae0481bc7c9e88d92ce61e4e22
channel_35,research_candidate,14258506,250000,250000,250000,162,0.1698781872813183,-0.08744645225361009,0.25187126304483676,-0.25732463953492835,0.0,0.0,0.0,0.0,0.9142131385088155,0.0037325989989481414,0.007036,C:/Users/benja/Documents/SATISH v1 2/AIxSpace-Technical-Framework-v1-polished/artifacts/esa_rebuild/local_model_binaries/channel_35.joblib,44afd3781cfec57e9a5a658ad27cefd30acc3ee5c09227616ce1307c231c7f0e
channel_36,research_candidate,14258506,250000,250000,250000,158,0.1636447524237562,-0.0666344715401882,0.2502164796749927,-0.23027922396394443,0.0005102040816326531,0.006329113924050633,0.0009442870632672334,0.000625156289072268,0.8901338557360657,0.0028809631837612487,0.007836,C:/Users/benja/Documents/SATISH v1 2/AIxSpace-Technical-Framework-v1-polished/artifacts/esa_rebuild/local_model_binaries/channel_36.joblib,72a689adc2b1b9002340e188a407130dbda6f0fb5bd3625bd35346ab6ca44da5
channel_37,research_candidate,14258506,250000,250000,250000,166,0.1723694024443706,-0.06387497784699293,0.260593231027916,-0.23624438029136358,0.0005120327700972862,0.006024096385542169,0.0009438414346389807,0.00062672348959639,0.8881858517911314,0.0035554377703578507,0.007808,C:/Users/benja/Documents/SATISH v1 2/AIxSpace-Technical-Framework-v1-polished/artifacts/esa_rebuild/local_model_binaries/channel_37.joblib,9acd99b48df9704299d36113fdf81987134aa9142820d987034d481ef494220b
channel_38,research_candidate,5272893,250000,250000,250000,18504,0.15126986377099527,-0.08540837238280195,0.26302696106991097,-0.2366782361537972,0.09295199182839632,0.009835711197578902,0.017789072426937738,0.03455346294046172,0.6486877698672763,0.10821546631387033,0.007104,C:/Users/benja/Documents/SATISH v1 2/AIxSpace-Technical-Framework-v1-polished/artifacts/esa_rebuild/local_model_binaries/channel_38.joblib,e137b0962148df359fab23d758525dbf3aba78f841637386ddf999d4717b6447
channel_39,research_candidate,5272893,250000,250000,250000,22630,0.1520845026938702,-0.10903671315100165,0.24343084611107546,-0.26112121584487186,0.12096774193548387,0.007954043305346884,0.014926610830085413,0.031488349310755025,0.5562545788864585,0.11137515982081164,0.005232,C:/Users/benja/Documents/SATISH v1 2/AIxSpace-Technical-Framework-v1-polished/artifacts/esa_rebuild/local_model_binaries/channel_39.joblib,a48c3cf1cb08704c94d43f840d298c9641a92dff404f7de3058013662a7eecdd
channel_40,research_candidate,5272893,250000,250000,250000,11198,0.1631802994503806,-0.1103546342802435,0.24659126223178163,-0.2735349337306241,0.04404332129963899,0.005447401321664583,0.009695621076054995,0.018222009798064286,0.36842006452913895,0.0337703755014868,0.005296,C:/Users/benja/Documents/SATISH v1 2/AIxSpace-Technical-Framework-v1-polished/artifacts/esa_rebuild/local_model_binaries/channel_40.joblib,52cbf7742ebc5ac3a89e2f7533d9d3d1341e635935c43387d23592914e5cecc2
channel_41,research_candidate,15381169,250000,250000,250000,5180,0.15611763662847122,-0.08030777324536742,0.187822649084876,-0.23642540987383864,0.025190839694656488,0.006370656370656371,0.01016949152542373,0.01583493282149712,0.49913333300740376,0.021160784591947108,0.005108,C:/Users/benja/Documents/SATISH v1 2/AIxSpace-Technical-Framework-v1-polished/artifacts/esa_rebuild/local_model_binaries/channel_41.joblib,68bbf3d4f139bd7b04c0517c3619745af71a6a4da255d3039c24d98dd6fb8544
channel_42,research_candidate,15381169,250000,250000,250000,5188,0.13308929195331312,-0.08837448946460502,0.19123294434343963,-0.2214637814179181,0.020066889632107024,0.004626060138781804,0.0075187969924812035,0.012033694344163659,0.5142937302755668,0.021986198047949768,0.004688,C:/Users/benja/Documents/SATISH v1 2/AIxSpace-Technical-Framework-v1-polished/artifacts/esa_rebuild/local_model_binaries/channel_42.joblib,c388d0198eafb789574380ce774a5049ef99c67ede34e08e37df04615a8be2a0
channel_43,research_candidate,15381169,250000,250000,250000,5183,0.15015960780199167,-0.06415297692422488,0.19473235454033577,-0.21431258472621656,0.02375478927203065,0.0059810920316419065,0.009556103575832305,0.014899548207247907,0.38407322780658043,0.01604346198963164,0.005096,C:/Users/benja/Documents/SATISH v1 2/AIxSpace-Technical-Framework-v1-polished/artifacts/esa_rebuild/local_model_binaries/channel_43.joblib,b7873e634c441f4912be01c5abf1999d879d51a080fe8c1af7a8070d4ec27fd8
channel_44,research_candidate,15381169,250000,250000,250000,5180,0.1356927312340149,-0.07772667138676194,0.1963731714938326,-0.21341940262077683,0.03306451612903226,0.007915057915057915,0.01277258566978193,0.020216962524654835,0.5349336479657736,0.02442485351375715,0.004796,C:/Users/benja/Documents/SATISH v1 2/AIxSpace-Technical-Framework-v1-polished/artifacts/esa_rebuild/local_model_binaries/channel_44.joblib,03ada18138d322b36b536b758679ee412cd260666aa2a2594ed5f7753fc73fe6
channel_45,research_candidate,15381169,250000,250000,250000,5182,0.1634108525996354,-0.06853032184113851,0.20206140806386852,-0.23194117444077397,0.01819620253164557,0.004438440756464685,0.007136208501396214,0.011232662629419809,0.5151598130763063,0.021858634890859548,0.004964,C:/Users/benja/Documents/SATISH v1 2/AIxSpace-Technical-Framework-v1-polished/artifacts/esa_rebuild/local_model_binaries/channel_45.joblib,e6ac7b8e85662dc2d9af4d58c028c241d820a304241db1c45e9ec5e8ee73308c
channel_46,research_candidate,15381169,250000,250000,250000,5178,0.12942742546446806,-0.09256388285566443,0.19036361225657106,-0.22199130832013245,0.019638648860958365,0.004828118964851294,0.007750736319950395,0.012171372930866602,0.5196939458105726,0.022669870337493733,0.004992,C:/Users/benja/Documents/SATISH v1 2/AIxSpace-Technical-Framework-v1-polished/artifacts/esa_rebuild/local_model_binaries/channel_46.joblib,094b7c4fdcf7e60dbab8b57d47151b4394eb0f6a66d9eea6fc484e9c05e816ca
channel_47,research_candidate,14644745,250000,250000,250000,7722,0.1561444631594373,-0.13676191107745422,0.24023906559265074,-0.29290637423689153,0.036231884057971016,0.003885003885003885,0.007017543859649122,0.013594344752582924,0.5108805326984444,0.03220003354030215,0.003192,C:/Users/benja/Documents/SATISH v1 2/AIxSpace-Technical-Framework-v1-polished/artifacts/esa_rebuild/local_model_binaries/channel_47.joblib,e048d127af90ec3eec691af210f2dbf4a55863844c8ad0ec5010267035cb8222
channel_48,research_candidate,14644745,250000,250000,250000,7764,0.1581226578479542,-0.13853313425259303,0.23055863705940682,-0.29665579210054716,0.01457286432160804,0.0037351880473982485,0.005946278449866721,0.009221572119053677,0.4383650199056925,0.026531338379418352,0.007844,C:/Users/benja/Documents/SATISH v1 2/AIxSpace-Technical-Framework-v1-polished/artifacts/esa_rebuild/local_model_binaries/channel_48.joblib,a7dc47de9390892a9cc57bb71f4b1fe0b09495df599933ec6fdc35f1bff431d0
channel_49,research_candidate,14644745,250000,250000,250000,7720,0.1597821478862943,-0.13028037994570607,0.21315974236464208,-0.2900625278320003,0.021245421245421246,0.003756476683937824,0.006384149697303247,0.011001517450682854,0.4924613262199947,0.029600092335733005,0.005344,C:/Users/benja/Documents/SATISH v1 2/AIxSpace-Technical-Framework-v1-polished/artifacts/esa_rebuild/local_model_binaries/channel_49.joblib,abd63165b0d4511059a1c8bbfefdf8c4d1e01bf516649efb7629f98217c1e8bc
channel_50,research_candidate,4974682,250000,250000,250000,7254,0.16980505148568326,-0.14717563321713245,0.23322727764767137,-0.3169806847028157,0.04178272980501393,0.0041356492969396195,0.007526342197691922,0.014813351767726645,0.526144126510818,0.031232002048002253,0.002752,C:/Users/benja/Documents/SATISH v1 2/AIxSpace-Technical-Framework-v1-polished/artifacts/esa_rebuild/local_model_binaries/channel_50.joblib,d3714ee1898def74fcf02c109a9199268886ad9c1fc54576ab0dc53863a11190
channel_51,research_candidate,4974682,250000,250000,250000,7293,0.15535539514272811,-0.12875526822412223,0.26726565733886076,-0.2841106633668503,0.011330049261083743,0.0031537090360619774,0.0049340341091923205,0.0074612340232271465,0.4781924055727691,0.026091568675113065,0.008028,C:/Users/benja/Documents/SATISH v1 2/AIxSpace-Technical-Framework-v1-polished/artifacts/esa_rebuild/local_model_binaries/channel_51.joblib,c5370e723079090150dbd2a38b1e3bc9a743cb734afaea375468205f92af9185
channel_52,research_candidate,4974682,250000,250000,250000,7213,0.15242456853608566,-0.13330944485398885,0.25640868807605743,-0.2857340133900745,0.022962962962962963,0.004297795646748925,0.007240453112227023,0.012288908269246016,0.5180250214571376,0.028713963464508743,0.005276,C:/Users/benja/Documents/SATISH v1 2/AIxSpace-Technical-Framework-v1-polished/artifacts/esa_rebuild/local_model_binaries/channel_52.joblib,e39941786be7055b3d2f33ae1a5d5bb9323e5319c1d987d59fe36b3cb26a928f
channel_53,research_candidate,14639410,250000,250000,250000,0,0.1482504738267899,-0.17741814540993384,0.19043843031909868,-0.3256686192367238,0.0,0.0,0.0,0.0,,,0.004624,C:/Users/benja/Documents/SATISH v1 2/AIxSpace-Technical-Framework-v1-polished/artifacts/esa_rebuild/local_model_binaries/channel_53.joblib,cfa15eb995cf52f39cd26ae2b04d04b1e792678009d2d976af3ed8ccd2f531f0
channel_54,research_candidate,14639410,250000,250000,250000,0,0.11961879374435758,-0.08579308211016777,0.16221028061486342,-0.2054118758545254,0.0,0.0,0.0,0.0,,,0.003124,C:/Users/benja/Documents/SATISH v1 2/AIxSpace-Technical-Framework-v1-polished/artifacts/esa_rebuild/local_model_binaries/channel_54.joblib,fc82e9fb0e57ed7cb7b14baeb859b3a290e0a49b177a9ba3cfdaf264f8c1075a
channel_55,research_candidate,14639410,250000,250000,250000,0,0.10824299504836199,-0.1829090658868288,0.14014672709753473,-0.29115206093519075,0.0,0.0,0.0,0.0,,,0.004548,C:/Users/benja/Documents/SATISH v1 2/AIxSpace-Technical-Framework-v1-polished/artifacts/esa_rebuild/local_model_binaries/channel_55.joblib,29416f8b70667dc9a8cd65e77b44d121f8196674bb434054f3da65d1028039cb
channel_56,research_candidate,14639410,250000,250000,250000,0,0.11157816437070112,-0.052940802480096555,0.16237778557642368,-0.16451896685079767,0.0,0.0,0.0,0.0,,,0.010264,C:/Users/benja/Documents/SATISH v1 2/AIxSpace-Technical-Framework-v1-polished/artifacts/esa_rebuild/local_model_binaries/channel_56.joblib,480c65224219fea5078f33c5f1398c4e3b069564ff8bdca4bd0779105d40d628
channel_57,research_candidate,14639410,250000,250000,250000,2066,0.17338123852988604,-0.07442681775282274,0.25167312600576097,-0.2478080562827087,0.0029708853238265003,0.002420135527589545,0.002667377967457989,0.0028415548988406456,0.5033718377617452,0.008320763281599912,0.006712,C:/Users/benja/Documents/SATISH v1 2/AIxSpace-Technical-Framework-v1-polished/artifacts/esa_rebuild/local_model_binaries/channel_57.joblib,6a942cabe3103e7d0942d4565bc93f78bb4acd8505b3c4901866f62af41842c3
channel_58,research_candidate,14639410,250000,250000,250000,2151,0.16380301524335017,-0.0831043091316211,0.27000821309110856,-0.2469073243749713,0.004889975550122249,0.003719200371920037,0.004224980195405334,0.004600345025876941,0.5275768021867681,0.009630230251764599,0.006512,C:/Users/benja/Documents/SATISH v1 2/AIxSpace-Technical-Framework-v1-polished/artifacts/esa_rebuild/local_model_binaries/channel_58.joblib,8a5232ff8a605f049b6ad8a83b6e173dd11cd176ce909be7037517f961f65a1b
channel_59,research_candidate,14639410,250000,250000,250000,2026,0.1651106662746663,-0.06906814795336172,0.2648565019734662,-0.23417881422802797,0.0078060805258833195,0.009378084896347482,0.00852017937219731,0.00807685767726577,0.48528024317360086,0.008021592839887253,0.00966,C:/Users/benja/Documents/SATISH v1 2/AIxSpace-Technical-Framework-v1-polished/artifacts/esa_rebuild/local_model_binaries/channel_59.joblib,467acc2598791c470a4626c3c369fa086fc04293a532335ceeb1ac7c0dc77c5f
channel_60,research_candidate,14639410,250000,250000,250000,2050,0.1566830100572737,-0.06873915961999011,0.25690291603049054,-0.22542216967726383,0.010086455331412104,0.01024390243902439,0.01016456921587609,0.010117556369242628,0.5237290081104078,0.009274766210272936,0.008244,C:/Users/benja/Documents/SATISH v1 2/AIxSpace-Technical-Framework-v1-polished/artifacts/esa_rebuild/local_model_binaries/channel_60.joblib,1e5df2d815cfb3b3f2e1b1d8d1c70753c2dcf0709324d562107ae2c7785d0fbb
channel_61,research_candidate,487448,250000,97197,97491,290,0.06973260617994015,-0.20638304952145978,0.11569428087746192,-0.27611565570139984,0.002004008016032064,0.0034482758620689655,0.0025348542458808617,0.0021872265966754157,0.21859665839964043,0.007219251096286977,0.005108163830507432,C:/Users/benja/Documents/SATISH v1 2/AIxSpace-Technical-Framework-v1-polished/artifacts/esa_rebuild/local_model_binaries/channel_61.joblib,29661badcfa488ab048d9d30a755a80569985963e96b6c683b5c3a9109df140b
channel_62,research_candidate,487448,250000,97197,97491,290,0.06934050708652655,-0.2066079427164938,0.11556063430610675,-0.27594844980302036,0.0022471910112359553,0.0034482758620689655,0.0027210884353741495,0.002415458937198068,0.08329416222126279,0.003463314379591923,0.004554266547681324,C:/Users/benja/Documents/SATISH v1 2/AIxSpace-Technical-Framework-v1-polished/artifacts/esa_rebuild/local_model_binaries/channel_62.joblib,57db809a850fa3e9e8db81226cb2d5d1654f336c1087bf8c8c59675eaa76b664
channel_63,research_candidate,487448,250000,97197,97491,290,0.07355194884235086,-0.1913207657600078,0.11472840585449484,-0.26487271460235867,0.0019646365422396855,0.0034482758620689655,0.0025031289111389233,0.0021496130696474634,0.1725922714715934,0.0036425961599054987,0.005210737401401155,C:/Users/benja/Documents/SATISH v1 2/AIxSpace-Technical-Framework-v1-polished/artifacts/esa_rebuild/local_model_binaries/channel_63.joblib,3b2148001525327a591f1dc8d0719aceef2c207f5bba37847929f39c1648da49
channel_64,research_candidate,4810995,250000,250000,250000,436,0.15567918186173313,-0.06973057592513304,0.21542006572751027,-0.22540975778686606,0.04239401496259352,0.0389908256880734,0.04062126642771804,0.041666666666666664,0.3154339562692749,0.010781861156678486,0.001536,C:/Users/benja/Documents/SATISH v1 2/AIxSpace-Technical-Framework-v1-polished/artifacts/esa_rebuild/local_model_binaries/channel_64.joblib,dc9d277d6e6969fab420df7552c34b1a3113dee00da4adeeaf6a972daff7b3ca
channel_65,research_candidate,4810995,250000,250000,250000,437,0.21365588755572495,-0.13724622365048908,0.24841170612029462,-0.35090211120621423,0.12790697674418605,0.02517162471395881,0.04206500956022944,0.0704225352112676,0.9149926015755632,0.028667375257696352,0.0003,C:/Users/benja/Documents/SATISH v1 2/AIxSpace-Technical-Framework-v1-polished/artifacts/esa_rebuild/local_model_binaries/channel_65.joblib,c514a2882feee42f30c65e3e441cc09fd6c5260af40c4b717b1350f4e55f80ee
channel_66,research_candidate,4810995,250000,250000,250000,4976,0.09625610787787398,-0.0962059081036345,0.21150148710486383,-0.19246201598150847,0.11093810821331257,0.05727491961414791,0.07554671968190854,0.09343036978756883,0.7777953163528937,0.10166859577294643,0.009136,C:/Users/benja/Documents/SATISH v1 2/AIxSpace-Technical-Framework-v1-polished/artifacts/esa_rebuild/local_model_binaries/channel_66.joblib,49381f2fa33229c19aebcf81ee1ce3c18d123ec3a51f08bdb4cafc867db716b3
channel_67,research_candidate,4810995,250000,250000,250000,0,0.12175030053287861,-0.018514753028023134,0.1509680214039213,-0.1402650535609018,0.0,0.0,0.0,0.0,,,0.005488,C:/Users/benja/Documents/SATISH v1 2/AIxSpace-Technical-Framework-v1-polished/artifacts/esa_rebuild/local_model_binaries/channel_67.joblib,d69a545095cd7610ec9f2aa6ee3a22abeb138a5ae1392ed4679046b5aba8e383
channel_68,research_candidate,4810995,250000,250000,250000,0,0.11526231289003852,0.036624702343082,0.13873200964357812,-0.07863761054695649,0.0,0.0,0.0,0.0,,,0.050988,C:/Users/benja/Documents/SATISH v1 2/AIxSpace-Technical-Framework-v1-polished/artifacts/esa_rebuild/local_model_binaries/channel_68.joblib,ba0f888dbe215aa8395c105a5e70bc33b4d464dbadb8c6380236868d621ba463
channel_69,research_candidate,4810995,250000,250000,250000,0,0.19915196770890686,-0.024420268198002658,0.2517286301051398,-0.2235722359069094,0.0,0.0,0.0,0.0,,,0.026936,C:/Users/benja/Documents/SATISH v1 2/AIxSpace-Technical-Framework-v1-polished/artifacts/esa_rebuild/local_model_binaries/channel_69.joblib,d0c7351a8f7e5a8d61804445aa396eaa67e8f9acb8d143c220c249ce1f5d4439
channel_70,research_candidate,14670328,250000,250000,250000,0,0.05612404849803642,-0.09255465980940719,0.14696901621990832,-0.1486787083074436,0.0,0.0,0.0,0.0,,,0.0034,C:/Users/benja/Documents/SATISH v1 2/AIxSpace-Technical-Framework-v1-polished/artifacts/esa_rebuild/local_model_binaries/channel_70.joblib,eb7a8b1bd2ed0ebc14a00a35fc135b2d3d7efe5c8c943cb2334a4136e522d7aa
channel_71,research_candidate,14666814,250000,250000,250000,0,0.07440703190227314,-0.0935914283014892,0.16550138860029728,-0.16799846020376233,0.0,0.0,0.0,0.0,,,0.004232,C:/Users/benja/Documents/SATISH v1 2/AIxSpace-Technical-Framework-v1-polished/artifacts/esa_rebuild/local_model_binaries/channel_71.joblib,ce20c210e1501fa64bfd1cc89a6f435dfe0c5e5f4d807c105a7a0a15cd1dab7f
channel_72,research_candidate,14668450,250000,250000,250000,0,0.07086407598761767,-0.09249003783556052,0.16651825024671685,-0.16335411382317822,0.0,0.0,0.0,0.0,,,0.004788,C:/Users/benja/Documents/SATISH v1 2/AIxSpace-Technical-Framework-v1-polished/artifacts/esa_rebuild/local_model_binaries/channel_72.joblib,4b1797fafd96ee3f5dcec27542ba5a0f69390ac185395f33f9c94a56a34895eb
channel_73,research_candidate,14669336,250000,250000,250000,0,0.08508885349538305,-0.09575723543765811,0.159388868006492,-0.18084608893304116,0.0,0.0,0.0,0.0,,,0.004988,C:/Users/benja/Documents/SATISH v1 2/AIxSpace-Technical-Framework-v1-polished/artifacts/esa_rebuild/local_model_binaries/channel_73.joblib,e84fdf109eb8bdf3ac7abdff9fdfe45c063d70471a52e08e56eadc67a90bcf15
channel_74,research_candidate,19286353,250000,250000,250000,549,0.07037237504541934,-0.08422359100331547,0.14682108854784737,-0.1545959660487348,0.002888086642599278,0.007285974499089253,0.004136504653567736,0.003284611594678929,0.8787122057378622,0.010257571813413894,0.005524,C:/Users/benja/Documents/SATISH v1 2/AIxSpace-Technical-Framework-v1-polished/artifacts/esa_rebuild/local_model_binaries/channel_74.joblib,46632804a3371a3cbd0ee43e15ce94dc044aa2c83a25d28211772b9a5ca86bbc
channel_75,research_candidate,14667583,250000,250000,250000,0,0.08145370583868768,-0.09677784972957985,0.1578365564154317,-0.17823155556826753,0.0,0.0,0.0,0.0,,,0.004272,C:/Users/benja/Documents/SATISH v1 2/AIxSpace-Technical-Framework-v1-polished/artifacts/esa_rebuild/local_model_binaries/channel_75.joblib,a78d29bd5f5b27274f31b39fc9a9de8dbd6263199221c998a81df9035bd62c9d
channel_76,research_candidate,14671647,250000,250000,250000,0,0.12726900917240486,0.06109190334168139,0.17840505565032228,-0.06617710583072345,0.0,0.0,0.0,0.0,,,0.015976,C:/Users/benja/Documents/SATISH v1 2/AIxSpace-Technical-Framework-v1-polished/artifacts/esa_rebuild/local_model_binaries/channel_76.joblib,f18f0de3dc882b8ecb51394b638aae483df42b716bb3bf7e7022e9ff532da763
