id,channel,category,start,end,test_samples,detected
id_180,channel_12,Rare Event,2013-08-12 02:28:29.964000,2013-08-13 21:37:29.961000,1727,False
id_180,channel_13,Rare Event,2013-08-12 02:35:59.964000,2013-08-13 21:13:29.961000,1706,False
id_152,channel_14,Anomaly,2011-01-27 03:52:30.114000,2011-01-27 18:55:30.114000,603,False
id_154,channel_14,Rare Event,2011-02-23 19:43:30.108000,2011-03-04 00:00:00,7851,False
id_156,channel_14,Anomaly,2011-04-13 03:13:30.102000,2011-04-13 04:37:30.102000,57,False
id_155,channel_14,Rare Event,2011-04-22 00:37:30.102000,2011-04-24 10:52:30.102000,2331,False
id_159,channel_14,Rare Event,2011-06-09 03:04:30.093000,2011-06-20 00:00:00,10437,False
id_51,channel_14,Rare Event,2011-08-14 23:21:00.084000,2011-08-15 08:34:30.084000,370,False
id_161,channel_14,Anomaly,2011-08-16 14:52:30.084000,2011-08-16 19:45:00.084000,196,False
id_162,channel_14,Anomaly,2011-09-17 16:07:30.078000,2011-09-17 17:15:00.078000,46,False
id_164,channel_14,Rare Event,2011-11-24 17:19:30.066000,2011-11-24 21:18:00.066000,160,False
id_169,channel_14,Rare Event,2012-06-20 22:46:30.033000,2012-06-26 00:00:00,4849,False
id_171,channel_14,Anomaly,2012-07-14 08:10:30.030000,2012-07-16 02:55:30.030000,1711,False
id_46,channel_14,Anomaly,2012-09-17 03:22:30.018000,2012-09-20 14:40:30.018000,3333,False
id_175,channel_14,Rare Event,2012-12-06 12:46:30.006000,2012-12-08 00:00:00,1409,False
id_178,channel_14,Anomaly,2013-04-25 01:13:29.982000,2013-04-25 07:07:29.982000,237,False
id_14,channel_14,Rare Event,2013-06-30 19:36:39.687000,2013-07-24 13:05:59.964000,22780,True
id_179,channel_14,Anomaly,2013-07-23 21:25:29.964000,2013-07-24 02:59:59.964000,224,True
id_180,channel_14,Rare Event,2013-08-12 02:26:59.964000,2013-08-29 00:00:00,16223,True
id_181,channel_14,Anomaly,2013-08-27 17:26:59.961000,2013-08-30 00:31:29.961000,2204,True
id_182,channel_14,Rare Event,2013-09-12 02:04:29.958000,2013-09-19 00:00:00,6638,True
id_188,channel_14,Anomaly,2013-11-23 06:52:29.946000,2013-11-23 11:19:29.946000,179,True
id_189,channel_14,Anomaly,2013-12-04 16:32:59.943000,2013-12-04 16:32:59.943000,1,True
id_189,channel_14,Anomaly,2013-12-04 16:40:29.943000,2013-12-04 16:40:29.943000,1,True
id_189,channel_14,Anomaly,2013-12-04 17:41:59.943000,2013-12-06 06:44:59.943000,1483,True
id_154,channel_15,Rare Event,2011-02-23 19:43:30.108000,2011-02-24 03:45:00.108000,322,False
id_155,channel_15,Rare Event,2011-04-21 23:57:00.102000,2011-04-29 23:58:30.099000,7682,False
id_159,channel_15,Rare Event,2011-06-09 03:01:30.093000,2011-06-20 00:00:00,10439,False
id_164,channel_15,Rare Event,2011-11-24 17:28:30.066000,2011-11-27 13:19:30.066000,2715,True
id_169,channel_15,Rare Event,2012-06-20 22:46:30.033000,2012-06-26 00:00:00,4849,True
id_175,channel_15,Rare Event,2012-12-06 12:51:00.006000,2012-12-11 00:00:00,4286,False
id_14,channel_15,Rare Event,2013-06-30 19:36:39.687000,2013-07-21 13:05:59.964000,19900,True
id_180,channel_15,Rare Event,2013-08-11 21:17:59.964000,2013-08-29 00:00:00,16429,True
id_182,channel_15,Rare Event,2013-09-12 01:59:59.958000,2013-09-19 00:00:00,6641,True
id_154,channel_16,Rare Event,2011-02-23 20:07:30.108000,2011-02-27 12:00:00,3515,False
id_155,channel_16,Rare Event,2011-04-22 01:03:00.102000,2011-04-29 23:58:30.099000,7638,False
id_164,channel_16,Rare Event,2011-11-24 18:22:30.066000,2011-11-25 01:04:30.066000,269,False
id_14,channel_16,Rare Event,2013-06-30 19:36:39.687000,2013-07-21 13:05:59.964000,19900,False
id_180,channel_16,Rare Event,2013-08-12 03:19:29.964000,2013-08-29 00:00:00,16188,False
id_180,channel_17,Rare Event,2013-08-12 02:44:59.964000,2013-08-13 21:31:29.961000,1712,False
id_180,channel_18,Rare Event,2013-08-12 01:34:29.964000,2013-08-13 21:11:59.961000,1746,False
id_180,channel_19,Rare Event,2013-08-11 23:25:29.964000,2013-08-13 22:17:59.961000,1876,False
id_180,channel_20,Rare Event,2013-08-12 00:32:59.964000,2013-08-13 21:11:59.961000,1787,False
id_152,channel_21,Anomaly,2011-01-27 03:52:30.114000,2011-01-27 19:10:30.114000,613,False
id_154,channel_21,Rare Event,2011-02-23 19:43:30.108000,2011-03-04 00:00:00,7851,False
id_156,channel_21,Anomaly,2011-04-13 03:12:00.102000,2011-04-13 05:28:30.102000,92,False
id_155,channel_21,Rare Event,2011-04-22 00:37:30.102000,2011-04-24 10:54:00.102000,2332,False
id_159,channel_21,Rare Event,2011-06-09 03:06:00.093000,2011-06-20 00:00:00,10436,False
id_51,channel_21,Rare Event,2011-08-14 23:21:00.084000,2011-08-15 06:16:30.084000,278,False
id_161,channel_21,Anomaly,2011-08-16 14:54:00.084000,2011-08-16 20:24:00.084000,221,False
id_162,channel_21,Anomaly,2011-09-17 16:07:30.078000,2011-09-17 17:33:00.078000,58,False
id_164,channel_21,Rare Event,2011-11-24 17:22:30.066000,2011-11-24 21:10:30.066000,153,False
id_169,channel_21,Rare Event,2012-06-20 22:46:30.033000,2012-06-26 00:00:00,4849,False
id_171,channel_21,Anomaly,2012-07-14 08:15:00.030000,2012-07-16 02:40:30.030000,1698,False
id_46,channel_21,Anomaly,2012-09-17 03:22:30.018000,2012-09-20 14:40:30.018000,3333,False
id_175,channel_21,Rare Event,2012-12-06 12:46:30.006000,2012-12-08 00:00:00,1409,False
id_178,channel_21,Anomaly,2013-04-25 01:20:59.982000,2013-04-25 04:01:29.982000,108,False
id_14,channel_21,Rare Event,2013-06-30 19:36:39.687000,2013-07-24 13:05:59.964000,22780,True
id_179,channel_21,Anomaly,2013-07-23 21:25:29.964000,2013-07-24 02:08:59.964000,190,True
id_180,channel_21,Rare Event,2013-08-12 02:25:29.964000,2013-08-29 00:00:00,16224,True
id_181,channel_21,Anomaly,2013-08-27 17:49:29.961000,2013-08-29 22:56:59.961000,2126,True
id_182,channel_21,Rare Event,2013-09-12 02:08:59.958000,2013-09-19 00:00:00,6635,True
id_188,channel_21,Anomaly,2013-11-23 06:53:59.946000,2013-11-23 10:02:59.946000,127,True
id_189,channel_21,Anomaly,2013-12-04 18:22:29.943000,2013-12-06 06:44:59.943000,1456,True
id_154,channel_22,Rare Event,2011-02-23 19:43:30.108000,2011-03-04 00:00:00,7851,False
id_155,channel_22,Rare Event,2011-04-22 00:21:00.102000,2011-05-02 23:58:30.099000,10546,False
id_159,channel_22,Rare Event,2011-06-09 03:09:00.093000,2011-06-20 00:00:00,10434,False
id_164,channel_22,Rare Event,2011-11-24 17:21:00.066000,2011-12-03 21:28:30.066000,8806,False
id_169,channel_22,Rare Event,2012-06-20 22:49:30.033000,2012-07-02 00:00:00,10607,False
id_175,channel_22,Rare Event,2012-12-06 12:48:00.006000,2012-12-11 00:00:00,4288,False
id_14,channel_22,Rare Event,2013-06-30 19:36:39.687000,2013-07-24 13:05:59.964000,22780,True
id_180,channel_22,Rare Event,2013-08-11 21:29:59.964000,2013-08-29 00:00:00,16421,True
id_182,channel_22,Rare Event,2013-09-12 02:49:29.958000,2013-09-19 00:00:00,6608,True
id_154,channel_23,Rare Event,2011-02-23 20:12:00.108000,2011-02-24 14:30:00.108000,733,False
id_155,channel_23,Rare Event,2011-04-22 00:16:30.102000,2011-04-29 23:58:30.099000,7669,False
id_159,channel_23,Rare Event,2011-06-09 03:01:30.093000,2011-06-20 00:00:00,10439,False
id_164,channel_23,Rare Event,2011-11-24 18:07:30.066000,2011-11-27 21:28:30.066000,3015,True
id_169,channel_23,Rare Event,2012-06-20 22:46:30.033000,2012-06-26 00:00:00,4849,True
id_175,channel_23,Rare Event,2012-12-06 12:52:30.006000,2012-12-11 00:00:00,4285,False
id_14,channel_23,Rare Event,2013-06-30 19:36:39.687000,2013-07-22 02:08:59.964000,20422,True
id_180,channel_23,Rare Event,2013-08-11 21:49:29.964000,2013-08-29 00:00:00,16408,True
id_182,channel_23,Rare Event,2013-09-12 02:22:29.958000,2013-09-19 00:00:00,6626,True
id_154,channel_24,Rare Event,2011-02-23 20:30:00.108000,2011-02-27 12:00:00,3500,False
id_155,channel_24,Rare Event,2011-04-22 01:10:30.102000,2011-04-29 23:58:30.099000,7633,False
id_14,channel_24,Rare Event,2013-06-30 19:36:39.687000,2013-07-21 13:05:59.964000,19900,False
id_180,channel_24,Rare Event,2013-08-12 03:11:59.964000,2013-08-29 00:00:00,16193,False
id_180,channel_25,Rare Event,2013-08-12 03:26:59.964000,2013-08-13 21:22:29.961000,1678,False
id_180,channel_26,Rare Event,2013-08-12 02:10:29.964000,2013-08-12 02:10:29.964000,1,False
id_180,channel_26,Rare Event,2013-08-12 02:40:29.964000,2013-08-13 21:22:29.961000,1709,False
id_180,channel_27,Rare Event,2013-08-12 02:29:59.964000,2013-08-13 21:07:29.961000,1706,False
id_180,channel_28,Rare Event,2013-08-12 02:16:29.964000,2013-08-13 21:11:59.961000,1718,False
id_152,channel_29,Anomaly,2011-01-27 03:54:00.114000,2011-01-27 19:00:00.114000,605,False
id_154,channel_29,Rare Event,2011-02-23 19:42:00.108000,2011-03-04 00:00:00,7852,False
id_156,channel_29,Anomaly,2011-04-13 03:28:30.102000,2011-04-13 04:52:30.102000,57,False
id_155,channel_29,Rare Event,2011-04-22 00:30:00.102000,2011-04-24 11:54:00.102000,2377,False
id_159,channel_29,Rare Event,2011-06-09 03:06:00.093000,2011-06-20 00:00:00,10436,False
id_51,channel_29,Rare Event,2011-08-14 23:31:30.084000,2011-08-15 06:27:00.084000,278,False
id_161,channel_29,Anomaly,2011-08-16 14:55:30.084000,2011-08-16 19:31:30.084000,185,False
id_162,channel_29,Anomaly,2011-09-17 16:06:00.078000,2011-09-17 18:24:00.078000,93,False
id_164,channel_29,Rare Event,2011-11-24 17:19:30.066000,2011-11-24 20:51:00.066000,142,False
id_169,channel_29,Rare Event,2012-06-20 22:46:30.033000,2012-06-26 00:00:00,4849,False
id_171,channel_29,Anomaly,2012-07-14 08:09:00.030000,2012-07-16 02:40:30.030000,1702,False
id_46,channel_29,Anomaly,2012-09-17 03:21:00.018000,2012-09-20 14:40:30.018000,3334,False
id_175,channel_29,Rare Event,2012-12-06 12:46:30.006000,2012-12-08 00:00:00,1409,False
id_178,channel_29,Anomaly,2013-04-25 01:16:29.982000,2013-04-25 06:10:29.982000,197,False
id_14,channel_29,Rare Event,2013-06-30 19:36:39.687000,2013-07-21 13:05:59.964000,19900,True
id_179,channel_29,Anomaly,2013-07-23 21:38:59.964000,2013-07-23 23:22:29.964000,70,True
id_180,channel_29,Rare Event,2013-08-12 01:58:29.964000,2013-08-29 00:00:00,16242,True
id_181,channel_29,Anomaly,2013-08-27 17:32:59.961000,2013-08-30 01:02:59.961000,2221,True
id_182,channel_29,Rare Event,2013-09-12 02:05:59.958000,2013-09-19 00:00:00,6637,True
id_188,channel_29,Anomaly,2013-11-23 06:52:29.946000,2013-11-23 09:13:29.946000,95,True
id_189,channel_29,Anomaly,2013-12-04 17:56:59.943000,2013-12-06 06:44:59.943000,1473,True
id_154,channel_30,Rare Event,2011-02-23 21:16:30.108000,2011-03-04 00:00:00,7789,False
id_155,channel_30,Rare Event,2011-04-22 00:21:00.102000,2011-04-29 23:58:30.099000,7666,False
id_159,channel_30,Rare Event,2011-06-09 03:21:00.093000,2011-06-20 00:00:00,10426,False
id_164,channel_30,Rare Event,2011-11-24 19:10:30.066000,2011-11-27 21:28:30.066000,2973,False
id_169,channel_30,Rare Event,2012-06-20 22:58:30.033000,2012-06-26 00:00:00,4841,False
id_175,channel_30,Rare Event,2012-12-06 12:07:30.006000,2012-12-08 00:00:00,1435,False
id_14,channel_30,Rare Event,2013-06-30 19:36:39.687000,2013-07-21 13:05:59.964000,19900,True
id_180,channel_30,Rare Event,2013-08-11 21:31:29.964000,2013-08-29 00:00:00,16420,True
id_182,channel_30,Rare Event,2013-09-12 02:19:29.958000,2013-09-19 00:00:00,6628,True
id_154,channel_31,Rare Event,2011-02-23 19:48:00.108000,2011-03-04 00:00:00,7848,False
id_155,channel_31,Rare Event,2011-04-22 00:10:30.102000,2011-05-02 23:58:30.099000,10553,False
id_159,channel_31,Rare Event,2011-06-09 03:03:00.093000,2011-06-20 00:00:00,10438,False
id_164,channel_31,Rare Event,2011-11-24 17:21:00.066000,2011-12-03 21:28:30.066000,8806,False
id_169,channel_31,Rare Event,2012-06-20 22:52:30.033000,2012-07-02 00:00:00,10605,False
id_175,channel_31,Rare Event,2012-12-06 12:49:30.006000,2012-12-11 00:00:00,4287,False
id_14,channel_31,Rare Event,2013-06-30 19:36:39.687000,2013-07-21 13:05:59.964000,19900,True
id_180,channel_31,Rare Event,2013-08-11 21:29:59.964000,2013-08-29 00:00:00,16421,True
id_182,channel_31,Rare Event,2013-09-12 02:59:59.958000,2013-09-19 00:00:00,6601,True
id_154,channel_32,Rare Event,2011-02-23 20:25:30.108000,2011-02-27 12:00:00,3503,False
id_155,channel_32,Rare Event,2011-04-22 00:45:00.102000,2011-04-29 23:58:30.099000,7650,False
id_14,channel_32,Rare Event,2013-06-30 19:36:39.687000,2013-07-21 13:05:59.964000,19900,False
id_180,channel_32,Rare Event,2013-08-12 03:16:29.964000,2013-08-29 00:00:00,16190,False
id_154,channel_33,Rare Event,2011-02-23 20:25:30.108000,2011-02-27 12:00:00,3503,False
id_155,channel_33,Rare Event,2011-04-22 01:24:00.102000,2011-04-29 23:58:30.099000,7624,False
id_14,channel_33,Rare Event,2013-06-30 19:36:39.687000,2013-07-21 13:05:59.964000,19900,False
id_180,channel_33,Rare Event,2013-08-12 03:13:29.964000,2013-08-29 00:00:00,16192,False
id_180,channel_34,Rare Event,2013-08-12 02:35:59.964000,2013-08-13 21:17:59.961000,1709,False
id_180,channel_35,Rare Event,2013-08-12 02:31:29.964000,2013-08-14 00:34:29.961000,1843,False
id_180,channel_36,Rare Event,2013-08-12 00:52:29.964000,2013-08-13 21:40:29.961000,1793,False
id_180,channel_37,Rare Event,2013-08-11 22:17:59.964000,2013-08-13 21:31:29.961000,1890,False
id_154,channel_38,Rare Event,2011-02-23 20:19:30.108000,2011-03-04 00:00:00,7827,False
id_155,channel_38,Rare Event,2011-04-22 00:18:00.102000,2011-04-29 23:58:30.099000,7668,False
id_159,channel_38,Rare Event,2011-06-09 03:15:00.093000,2011-06-20 00:00:00,10430,False
id_164,channel_38,Rare Event,2011-11-24 18:07:30.066000,2011-11-27 21:28:30.066000,3015,False
id_169,channel_38,Rare Event,2012-06-20 22:55:30.033000,2012-06-26 00:00:00,4843,False
id_175,channel_38,Rare Event,2012-12-06 13:07:30.006000,2012-12-08 00:00:00,1395,False
id_14,channel_38,Rare Event,2013-06-30 19:36:39.687000,2013-07-21 13:05:59.964000,19900,True
id_180,channel_38,Rare Event,2013-08-11 23:28:29.964000,2013-08-29 00:00:00,16342,True
id_182,channel_38,Rare Event,2013-09-12 02:13:29.958000,2013-09-19 00:00:00,6632,True
id_154,channel_39,Rare Event,2011-02-23 19:49:30.108000,2011-03-04 00:00:00,7847,False
id_155,channel_39,Rare Event,2011-04-22 00:21:00.102000,2011-05-02 23:58:30.099000,10546,False
id_159,channel_39,Rare Event,2011-06-09 03:00:00.093000,2011-06-20 00:00:00,10440,False
id_164,channel_39,Rare Event,2011-11-24 17:25:30.066000,2011-12-03 21:28:30.066000,8803,False
id_169,channel_39,Rare Event,2012-06-20 22:52:30.033000,2012-07-02 00:00:00,10605,False
id_175,channel_39,Rare Event,2012-12-06 12:51:00.006000,2012-12-11 00:00:00,4286,False
id_14,channel_39,Rare Event,2013-06-30 19:36:39.687000,2013-07-21 13:05:59.964000,19900,True
id_180,channel_39,Rare Event,2013-08-11 21:29:59.964000,2013-08-29 00:00:00,16421,True
id_182,channel_39,Rare Event,2013-09-12 02:32:59.958000,2013-09-19 00:00:00,6619,True
id_154,channel_40,Rare Event,2011-02-23 20:25:30.108000,2011-02-27 12:00:00,3503,False
id_155,channel_40,Rare Event,2011-04-22 00:52:30.102000,2011-04-29 23:58:30.099000,7645,False
id_14,channel_40,Rare Event,2013-06-30 19:36:39.687000,2013-07-21 13:05:59.964000,19900,False
id_180,channel_40,Rare Event,2013-08-12 03:14:59.964000,2013-08-29 00:00:00,16191,False
id_157,channel_41,Anomaly,2011-04-19 07:22:09.819000,2011-04-19 07:34:09.819000,26,False
id_155,channel_41,Rare Event,2011-04-21 23:58:39.819000,2011-04-21 23:59:39.819000,3,False
id_155,channel_41,Rare Event,2011-04-22 00:17:39.819000,2011-04-22 00:19:39.819000,5,False
id_155,channel_41,Rare Event,2011-04-22 01:37:09.819000,2011-04-22 01:38:39.819000,4,False
id_55,channel_41,Rare Event,2011-04-23 08:19:39.819000,2011-04-23 08:19:39.819000,1,False
id_155,channel_41,Rare Event,2011-04-24 03:55:09.819000,2011-04-24 03:57:09.819000,6,False
id_155,channel_41,Rare Event,2011-04-24 05:14:39.819000,2011-04-24 05:17:02.319000,6,False
id_155,channel_41,Rare Event,2011-04-24 06:03:09.819000,2011-04-24 06:05:09.819000,5,False
id_159,channel_41,Rare Event,2011-06-09 03:00:39.813000,2011-06-09 03:13:39.813000,28,False
id_159,channel_41,Rare Event,2011-06-09 03:24:09.813000,2011-06-09 03:24:09.813000,1,False
id_159,channel_41,Rare Event,2011-06-09 03:25:39.813000,2011-06-09 03:25:39.813000,1,False
id_160,channel_41,Anomaly,2011-08-12 19:57:32.889000,2011-08-12 19:57:39.801000,2,True
id_51,channel_41,Rare Event,2011-08-14 19:12:39.801000,2011-08-14 20:31:09.801000,166,False
id_49,channel_41,Rare Event,2011-10-08 07:15:06.792000,2011-10-08 08:47:09.792000,1852,False
id_164,channel_41,Rare Event,2011-11-24 17:17:39.786000,2011-11-24 17:21:09.786000,8,False
id_164,channel_41,Rare Event,2011-11-24 17:39:09.786000,2011-11-24 17:39:39.786000,2,False
id_164,channel_41,Rare Event,2011-11-24 17:40:39.786000,2011-11-24 17:41:09.786000,2,False
id_165,channel_41,Anomaly,2011-12-28 04:02:39.780000,2011-12-28 04:02:47.868000,2,True
id_166,channel_41,Anomaly,2012-01-07 03:42:26.865000,2012-01-07 03:42:39.777000,2,True
id_169,channel_41,Rare Event,2012-06-20 22:45:09.750000,2012-06-20 22:53:09.750000,18,False
id_172,channel_41,Anomaly,2012-09-19 13:42:51,2012-09-19 13:43:09,1,True
id_174,channel_41,Rare Event,2012-10-04 15:18:09.735000,2012-10-04 16:12:39.735000,115,False
id_175,channel_41,Rare Event,2012-12-06 12:45:09.723000,2012-12-06 12:47:09.723000,6,False
id_175,channel_41,Rare Event,2012-12-06 13:05:39.723000,2012-12-06 13:09:09.723000,9,False
id_42,channel_41,Anomaly,2012-12-06 18:34:09.723000,2012-12-06 18:34:09.723000,1,False
id_24,channel_41,Rare Event,2012-12-18 06:32:09.723000,2012-12-18 06:47:39.723000,34,False
id_24,channel_41,Rare Event,2012-12-19 00:30:09.723000,2012-12-19 00:38:39.723000,19,False
id_176,channel_41,Anomaly,2013-02-09 23:44:53.799000,2013-02-09 23:44:53.799000,1,True
id_177,channel_41,Anomaly,2013-03-24 16:57:39.705000,2013-03-24 16:57:41.793000,2,True
id_14,channel_41,Rare Event,2013-06-30 19:36:39.687000,2013-07-20 16:49:09.684000,60130,False
id_180,channel_41,Rare Event,2013-08-12 02:55:39.681000,2013-08-12 03:11:39.681000,35,False
id_180,channel_41,Rare Event,2013-08-12 05:55:39.681000,2013-08-12 06:11:39.681000,35,True
id_180,channel_41,Rare Event,2013-08-12 08:55:09.681000,2013-08-12 09:11:39.681000,36,False
id_180,channel_41,Rare Event,2013-08-12 11:55:09.681000,2013-08-12 12:11:39.681000,36,False
id_180,channel_41,Rare Event,2013-08-12 14:55:09.681000,2013-08-12 15:11:39.681000,36,True
id_180,channel_41,Rare Event,2013-08-12 17:55:09.681000,2013-08-12 18:11:39.681000,36,False
id_180,channel_41,Rare Event,2013-08-12 20:55:09.681000,2013-08-12 21:11:39.681000,36,False
id_180,channel_41,Rare Event,2013-08-12 23:55:09.681000,2013-08-13 00:11:39.681000,36,True
id_180,channel_41,Rare Event,2013-08-13 02:55:39.681000,2013-08-13 03:08:09.681000,28,False
id_180,channel_41,Rare Event,2013-08-13 21:05:09.681000,2013-08-13 21:07:02.181000,5,False
id_180,channel_41,Rare Event,2013-08-13 21:52:09.681000,2013-08-13 21:56:09.681000,9,False
id_180,channel_41,Rare Event,2013-08-14 18:59:39.681000,2013-08-15 02:04:39.681000,893,True
id_183,channel_41,Anomaly,2013-09-05 18:32:23.763000,2013-09-05 18:32:23.763000,1,True
id_182,channel_41,Rare Event,2013-09-12 02:00:39.675000,2013-09-12 02:02:09.675000,4,False
id_182,channel_41,Rare Event,2013-09-12 02:21:09.675000,2013-09-12 02:21:09.675000,1,False
id_182,channel_41,Rare Event,2013-09-12 02:22:09.675000,2013-09-12 02:22:39.675000,2,False
id_184,channel_41,Anomaly,2013-10-01 01:13:39.672000,2013-10-01 01:13:44.760000,2,True
id_186,channel_41,Anomaly,2013-11-11 05:27:23.754000,2013-11-11 05:27:23.754000,1,True
id_187,channel_41,Anomaly,2013-11-19 14:57:17.751000,2013-11-19 14:57:17.751000,1,True
id_157,channel_42,Anomaly,2011-04-19 07:09:39.819000,2011-04-19 07:34:39.819000,53,False
id_155,channel_42,Rare Event,2011-04-21 23:58:39.819000,2011-04-21 23:59:39.819000,3,False
id_155,channel_42,Rare Event,2011-04-22 00:17:39.819000,2011-04-22 00:19:09.819000,4,False
id_155,channel_42,Rare Event,2011-04-22 01:37:09.819000,2011-04-22 01:38:39.819000,4,False
id_155,channel_42,Rare Event,2011-04-24 03:55:09.819000,2011-04-24 03:57:09.819000,6,False
id_155,channel_42,Rare Event,2011-04-24 06:01:39.819000,2011-04-24 06:05:09.819000,8,False
id_159,channel_42,Rare Event,2011-06-09 03:00:39.813000,2011-06-09 03:14:39.813000,30,False
id_159,channel_42,Rare Event,2011-06-09 03:24:09.813000,2011-06-09 03:24:09.813000,1,False
id_159,channel_42,Rare Event,2011-06-09 03:25:39.813000,2011-06-09 03:25:39.813000,1,False
id_160,channel_42,Anomaly,2011-08-12 19:57:32.889000,2011-08-12 19:57:39.801000,2,True
id_51,channel_42,Rare Event,2011-08-14 19:12:39.801000,2011-08-14 20:31:39.801000,167,False
id_49,channel_42,Rare Event,2011-10-08 07:15:06.792000,2011-10-08 08:47:09.792000,1852,False
id_164,channel_42,Rare Event,2011-11-24 17:17:39.786000,2011-11-24 17:21:09.786000,8,False
id_164,channel_42,Rare Event,2011-11-24 17:39:09.786000,2011-11-24 17:41:09.786000,5,False
id_165,channel_42,Anomaly,2011-12-28 04:02:39.780000,2011-12-28 04:02:47.868000,2,True
id_166,channel_42,Anomaly,2012-01-07 03:42:26.865000,2012-01-07 03:42:39.777000,2,True
id_169,channel_42,Rare Event,2012-06-20 22:45:09.750000,2012-06-20 22:53:09.750000,18,False
id_172,channel_42,Anomaly,2012-09-19 13:42:51,2012-09-19 13:43:09,1,True
id_174,channel_42,Rare Event,2012-10-04 15:24:39.735000,2012-10-04 16:30:09.735000,139,False
id_175,channel_42,Rare Event,2012-12-06 12:45:09.723000,2012-12-06 12:47:09.723000,6,False
id_175,channel_42,Rare Event,2012-12-06 13:05:39.723000,2012-12-06 13:09:09.723000,9,False
id_24,channel_42,Rare Event,2012-12-18 06:32:09.723000,2012-12-18 06:46:39.723000,31,False
id_24,channel_42,Rare Event,2012-12-18 11:55:39.723000,2012-12-18 12:03:09.723000,17,False
id_24,channel_42,Rare Event,2012-12-19 00:29:09.723000,2012-12-19 00:36:39.723000,16,False
id_24,channel_42,Rare Event,2012-12-19 05:49:09.723000,2012-12-19 06:01:39.723000,27,False
id_176,channel_42,Anomaly,2013-02-09 23:44:53.799000,2013-02-09 23:44:53.799000,1,True
id_177,channel_42,Anomaly,2013-03-24 16:57:39.705000,2013-03-24 16:57:41.793000,2,True
id_14,channel_42,Rare Event,2013-06-30 19:36:39.687000,2013-07-20 16:49:09.684000,60130,False
id_180,channel_42,Rare Event,2013-08-12 02:55:39.681000,2013-08-12 03:11:39.681000,35,False
id_180,channel_42,Rare Event,2013-08-12 05:55:39.681000,2013-08-12 06:11:39.681000,35,False
id_180,channel_42,Rare Event,2013-08-12 08:55:09.681000,2013-08-12 09:11:39.681000,36,False
id_180,channel_42,Rare Event,2013-08-12 11:55:09.681000,2013-08-12 12:11:39.681000,36,False
id_180,channel_42,Rare Event,2013-08-12 14:55:09.681000,2013-08-12 15:11:39.681000,36,False
id_180,channel_42,Rare Event,2013-08-12 17:55:09.681000,2013-08-12 18:11:39.681000,36,True
id_180,channel_42,Rare Event,2013-08-12 20:55:09.681000,2013-08-12 21:11:39.681000,36,False
id_180,channel_42,Rare Event,2013-08-12 23:55:09.681000,2013-08-13 00:11:39.681000,36,False
id_180,channel_42,Rare Event,2013-08-13 02:55:39.681000,2013-08-13 03:08:09.681000,28,False
id_180,channel_42,Rare Event,2013-08-13 21:05:09.681000,2013-08-13 21:07:02.181000,5,False
id_180,channel_42,Rare Event,2013-08-13 21:52:09.681000,2013-08-13 21:56:09.681000,9,False
id_180,channel_42,Rare Event,2013-08-14 18:50:39.681000,2013-08-15 02:04:39.681000,912,True
id_183,channel_42,Anomaly,2013-09-05 18:32:23.763000,2013-09-05 18:32:23.763000,1,True
id_182,channel_42,Rare Event,2013-09-12 02:00:39.675000,2013-09-12 02:02:09.675000,4,False
id_182,channel_42,Rare Event,2013-09-12 02:22:09.675000,2013-09-12 02:22:39.675000,2,False
id_184,channel_42,Anomaly,2013-10-01 01:13:39.672000,2013-10-01 01:13:44.760000,2,True
id_186,channel_42,Anomaly,2013-11-11 05:27:23.754000,2013-11-11 05:27:23.754000,1,True
id_187,channel_42,Anomaly,2013-11-19 14:57:17.751000,2013-11-19 14:57:17.751000,1,True
id_157,channel_43,Anomaly,2011-04-19 07:09:39.819000,2011-04-19 07:34:39.819000,53,False
id_155,channel_43,Rare Event,2011-04-21 23:58:39.819000,2011-04-21 23:59:39.819000,3,False
id_155,channel_43,Rare Event,2011-04-22 00:17:39.819000,2011-04-22 00:19:39.819000,5,False
id_155,channel_43,Rare Event,2011-04-22 01:37:09.819000,2011-04-22 01:38:39.819000,4,False
id_55,channel_43,Rare Event,2011-04-23 08:19:39.819000,2011-04-23 08:19:39.819000,1,False
id_155,channel_43,Rare Event,2011-04-24 03:55:09.819000,2011-04-24 03:57:09.819000,6,False
id_155,channel_43,Rare Event,2011-04-24 05:14:39.819000,2011-04-24 05:16:39.819000,5,False
id_155,channel_43,Rare Event,2011-04-24 06:03:09.819000,2011-04-24 06:05:09.819000,5,False
id_159,channel_43,Rare Event,2011-06-09 02:57:09.813000,2011-06-09 03:08:09.813000,24,False
id_159,channel_43,Rare Event,2011-06-09 03:24:09.813000,2011-06-09 03:24:09.813000,1,False
id_159,channel_43,Rare Event,2011-06-09 03:25:39.813000,2011-06-09 03:25:39.813000,1,False
id_160,channel_43,Anomaly,2011-08-12 19:57:32.889000,2011-08-12 19:57:39.801000,2,True
id_51,channel_43,Rare Event,2011-08-14 19:12:39.801000,2011-08-14 20:31:39.801000,167,False
id_49,channel_43,Rare Event,2011-10-08 07:15:06.792000,2011-10-08 08:47:09.792000,1852,False
id_164,channel_43,Rare Event,2011-11-24 17:17:39.786000,2011-11-24 17:21:09.786000,8,False
id_164,channel_43,Rare Event,2011-11-24 17:39:09.786000,2011-11-24 17:41:09.786000,5,False
id_165,channel_43,Anomaly,2011-12-28 04:02:39.780000,2011-12-28 04:02:47.868000,2,True
id_166,channel_43,Anomaly,2012-01-07 03:42:26.865000,2012-01-07 03:42:39.777000,2,True
id_169,channel_43,Rare Event,2012-06-20 22:45:09.750000,2012-06-20 22:53:09.750000,18,False
id_172,channel_43,Anomaly,2012-09-19 13:42:51,2012-09-19 13:43:09,1,True
id_174,channel_43,Rare Event,2012-10-04 15:43:39.735000,2012-10-04 16:32:09.735000,103,False
id_175,channel_43,Rare Event,2012-12-06 12:45:09.723000,2012-12-06 12:47:09.723000,6,False
id_175,channel_43,Rare Event,2012-12-06 13:05:39.723000,2012-12-06 13:09:09.723000,9,False
id_24,channel_43,Rare Event,2012-12-18 11:50:09.723000,2012-12-18 12:02:09.723000,26,False
id_24,channel_43,Rare Event,2012-12-19 00:28:09.723000,2012-12-19 00:39:09.723000,24,False
id_24,channel_43,Rare Event,2012-12-19 05:47:09.723000,2012-12-19 06:01:39.723000,31,False
id_176,channel_43,Anomaly,2013-02-09 23:44:53.799000,2013-02-09 23:44:53.799000,1,True
id_177,channel_43,Anomaly,2013-03-24 16:57:39.705000,2013-03-24 16:57:41.793000,2,True
id_14,channel_43,Rare Event,2013-06-30 19:36:39.687000,2013-07-20 16:49:09.684000,60130,False
id_180,channel_43,Rare Event,2013-08-12 02:55:39.681000,2013-08-12 03:11:39.681000,35,False
id_180,channel_43,Rare Event,2013-08-12 05:55:39.681000,2013-08-12 06:11:39.681000,35,False
id_180,channel_43,Rare Event,2013-08-12 08:55:09.681000,2013-08-12 09:11:39.681000,36,False
id_180,channel_43,Rare Event,2013-08-12 11:55:09.681000,2013-08-12 12:11:39.681000,36,True
id_180,channel_43,Rare Event,2013-08-12 14:55:09.681000,2013-08-12 15:11:39.681000,36,False
id_180,channel_43,Rare Event,2013-08-12 17:55:09.681000,2013-08-12 18:11:39.681000,36,False
id_180,channel_43,Rare Event,2013-08-12 20:55:09.681000,2013-08-12 21:11:39.681000,36,True
id_180,channel_43,Rare Event,2013-08-12 23:55:09.681000,2013-08-13 00:11:39.681000,36,False
id_180,channel_43,Rare Event,2013-08-13 02:55:39.681000,2013-08-13 03:08:09.681000,28,False
id_180,channel_43,Rare Event,2013-08-13 21:05:09.681000,2013-08-13 21:07:02.181000,5,False
id_180,channel_43,Rare Event,2013-08-13 21:52:09.681000,2013-08-13 21:56:09.681000,9,False
id_180,channel_43,Rare Event,2013-08-14 18:59:39.681000,2013-08-15 02:04:39.681000,893,True
id_183,channel_43,Anomaly,2013-09-05 18:32:23.763000,2013-09-05 18:32:23.763000,1,True
id_182,channel_43,Rare Event,2013-09-12 02:00:39.675000,2013-09-12 02:02:09.675000,4,False
id_182,channel_43,Rare Event,2013-09-12 02:21:09.675000,2013-09-12 02:21:09.675000,1,False
id_182,channel_43,Rare Event,2013-09-12 02:22:09.675000,2013-09-12 02:22:39.675000,2,False
id_184,channel_43,Anomaly,2013-10-01 01:13:39.672000,2013-10-01 01:13:44.760000,2,True
id_186,channel_43,Anomaly,2013-11-11 05:27:23.754000,2013-11-11 05:27:23.754000,1,True
id_187,channel_43,Anomaly,2013-11-19 14:57:17.751000,2013-11-19 14:57:17.751000,1,True
id_157,channel_44,Anomaly,2011-04-19 07:22:09.819000,2011-04-19 07:35:09.819000,28,False
id_155,channel_44,Rare Event,2011-04-21 23:58:39.819000,2011-04-21 23:59:39.819000,3,False
id_155,channel_44,Rare Event,2011-04-22 00:17:39.819000,2011-04-22 00:19:39.819000,5,False
id_155,channel_44,Rare Event,2011-04-22 01:37:09.819000,2011-04-22 01:38:39.819000,4,False
id_155,channel_44,Rare Event,2011-04-24 03:55:09.819000,2011-04-24 03:56:39.819000,4,False
id_155,channel_44,Rare Event,2011-04-24 05:14:39.819000,2011-04-24 05:16:39.819000,5,False
id_155,channel_44,Rare Event,2011-04-24 06:03:09.819000,2011-04-24 06:05:09.819000,5,False
id_159,channel_44,Rare Event,2011-06-09 03:00:39.813000,2011-06-09 03:12:09.813000,25,False
id_159,channel_44,Rare Event,2011-06-09 03:24:09.813000,2011-06-09 03:24:09.813000,1,False
id_159,channel_44,Rare Event,2011-06-09 03:25:39.813000,2011-06-09 03:25:39.813000,1,False
id_160,channel_44,Anomaly,2011-08-12 19:57:32.889000,2011-08-12 19:57:39.801000,2,True
id_51,channel_44,Rare Event,2011-08-14 19:12:39.801000,2011-08-14 20:31:39.801000,167,False
id_49,channel_44,Rare Event,2011-10-08 07:15:06.792000,2011-10-08 08:47:09.792000,1852,False
id_164,channel_44,Rare Event,2011-11-24 17:17:39.786000,2011-11-24 17:21:09.786000,8,False
id_164,channel_44,Rare Event,2011-11-24 17:39:09.786000,2011-11-24 17:41:09.786000,5,False
id_165,channel_44,Anomaly,2011-12-28 04:02:39.780000,2011-12-28 04:02:47.868000,2,True
id_166,channel_44,Anomaly,2012-01-07 03:42:26.865000,2012-01-07 03:42:39.777000,2,True
id_169,channel_44,Rare Event,2012-06-20 22:45:09.750000,2012-06-20 22:53:09.750000,18,False
id_172,channel_44,Anomaly,2012-09-19 13:42:51,2012-09-19 13:43:09,1,True
id_174,channel_44,Rare Event,2012-10-04 15:42:39.735000,2012-10-04 16:43:39.735000,129,False
id_175,channel_44,Rare Event,2012-12-06 12:45:09.723000,2012-12-06 12:47:09.723000,6,False
id_175,channel_44,Rare Event,2012-12-06 13:05:39.723000,2012-12-06 13:09:09.723000,9,False
id_24,channel_44,Rare Event,2012-12-18 06:32:09.723000,2012-12-18 06:47:02.223000,32,False
id_24,channel_44,Rare Event,2012-12-18 11:56:09.723000,2012-12-18 12:03:09.723000,16,False
id_24,channel_44,Rare Event,2012-12-19 00:28:39.723000,2012-12-19 00:38:39.723000,22,False
id_176,channel_44,Anomaly,2013-02-09 23:44:53.799000,2013-02-09 23:44:53.799000,1,True
id_177,channel_44,Anomaly,2013-03-24 16:57:39.705000,2013-03-24 16:57:41.793000,2,True
id_14,channel_44,Rare Event,2013-06-30 19:36:39.687000,2013-07-20 16:49:09.684000,60130,True
id_180,channel_44,Rare Event,2013-08-12 02:55:39.681000,2013-08-12 03:11:39.681000,35,False
id_180,channel_44,Rare Event,2013-08-12 05:55:39.681000,2013-08-12 06:11:39.681000,35,True
id_180,channel_44,Rare Event,2013-08-12 08:55:09.681000,2013-08-12 09:11:39.681000,36,False
id_180,channel_44,Rare Event,2013-08-12 11:55:09.681000,2013-08-12 12:11:39.681000,36,False
id_180,channel_44,Rare Event,2013-08-12 14:55:09.681000,2013-08-12 15:11:39.681000,36,True
id_180,channel_44,Rare Event,2013-08-12 17:55:09.681000,2013-08-12 18:11:39.681000,36,False
id_180,channel_44,Rare Event,2013-08-12 20:55:09.681000,2013-08-12 21:11:39.681000,36,False
id_180,channel_44,Rare Event,2013-08-12 23:55:09.681000,2013-08-13 00:11:39.681000,36,True
id_180,channel_44,Rare Event,2013-08-13 02:55:39.681000,2013-08-13 03:08:09.681000,28,False
id_180,channel_44,Rare Event,2013-08-13 21:05:09.681000,2013-08-13 21:07:02.181000,5,False
id_180,channel_44,Rare Event,2013-08-13 21:52:09.681000,2013-08-13 21:56:09.681000,9,False
id_180,channel_44,Rare Event,2013-08-14 19:07:02.181000,2013-08-15 02:04:39.681000,878,True
id_183,channel_44,Anomaly,2013-09-05 18:32:23.763000,2013-09-05 18:32:23.763000,1,True
id_182,channel_44,Rare Event,2013-09-12 02:00:39.675000,2013-09-12 02:02:09.675000,4,False
id_182,channel_44,Rare Event,2013-09-12 02:21:09.675000,2013-09-12 02:21:09.675000,1,False
id_182,channel_44,Rare Event,2013-09-12 02:22:09.675000,2013-09-12 02:22:39.675000,2,False
id_184,channel_44,Anomaly,2013-10-01 01:13:39.672000,2013-10-01 01:13:44.760000,2,True
id_186,channel_44,Anomaly,2013-11-11 05:27:23.754000,2013-11-11 05:27:23.754000,1,True
id_187,channel_44,Anomaly,2013-11-19 14:57:17.751000,2013-11-19 14:57:17.751000,1,True
id_157,channel_45,Anomaly,2011-04-19 07:10:09.819000,2011-04-19 07:34:09.819000,51,False
id_155,channel_45,Rare Event,2011-04-21 23:58:39.819000,2011-04-21 23:59:39.819000,3,False
id_155,channel_45,Rare Event,2011-04-22 00:17:39.819000,2011-04-22 00:19:39.819000,5,False
id_155,channel_45,Rare Event,2011-04-22 01:37:09.819000,2011-04-22 01:38:39.819000,4,False
id_55,channel_45,Rare Event,2011-04-23 08:19:39.819000,2011-04-23 08:19:39.819000,1,False
id_155,channel_45,Rare Event,2011-04-24 03:55:09.819000,2011-04-24 03:57:09.819000,6,False
id_155,channel_45,Rare Event,2011-04-24 05:14:39.819000,2011-04-24 05:16:39.819000,5,False
id_155,channel_45,Rare Event,2011-04-24 06:03:09.819000,2011-04-24 06:05:09.819000,5,False
id_159,channel_45,Rare Event,2011-06-09 03:00:39.813000,2011-06-09 03:16:39.813000,34,False
id_159,channel_45,Rare Event,2011-06-09 03:24:09.813000,2011-06-09 03:24:09.813000,1,False
id_159,channel_45,Rare Event,2011-06-09 03:25:39.813000,2011-06-09 03:25:39.813000,1,False
id_160,channel_45,Anomaly,2011-08-12 19:57:32.889000,2011-08-12 19:57:39.801000,2,True
id_51,channel_45,Rare Event,2011-08-14 19:12:39.801000,2011-08-14 20:31:39.801000,167,False
id_49,channel_45,Rare Event,2011-10-08 07:15:06.792000,2011-10-08 08:47:09.792000,1852,False
id_164,channel_45,Rare Event,2011-11-24 17:17:39.786000,2011-11-24 17:21:09.786000,8,False
id_164,channel_45,Rare Event,2011-11-24 17:39:09.786000,2011-11-24 17:41:09.786000,5,False
id_165,channel_45,Anomaly,2011-12-28 04:02:39.780000,2011-12-28 04:02:47.868000,2,True
id_166,channel_45,Anomaly,2012-01-07 03:42:26.865000,2012-01-07 03:42:39.777000,2,True
id_169,channel_45,Rare Event,2012-06-20 22:45:09.750000,2012-06-20 22:53:09.750000,18,False
id_172,channel_45,Anomaly,2012-09-19 13:42:51,2012-09-19 13:43:09,1,True
id_174,channel_45,Rare Event,2012-10-04 15:28:09.735000,2012-10-04 16:28:39.735000,128,False
id_175,channel_45,Rare Event,2012-12-06 12:45:09.723000,2012-12-06 12:47:09.723000,6,False
id_175,channel_45,Rare Event,2012-12-06 13:05:39.723000,2012-12-06 13:09:09.723000,9,False
id_24,channel_45,Rare Event,2012-12-18 11:52:39.723000,2012-12-18 12:02:39.723000,22,False
id_24,channel_45,Rare Event,2012-12-19 00:28:09.723000,2012-12-19 00:38:39.723000,23,False
id_176,channel_45,Anomaly,2013-02-09 23:44:53.799000,2013-02-09 23:44:53.799000,1,True
id_177,channel_45,Anomaly,2013-03-24 16:57:39.705000,2013-03-24 16:57:41.793000,2,True
id_14,channel_45,Rare Event,2013-06-30 19:36:39.687000,2013-07-20 16:49:09.684000,60130,False
id_180,channel_45,Rare Event,2013-08-12 02:55:39.681000,2013-08-12 03:11:39.681000,35,False
id_180,channel_45,Rare Event,2013-08-12 05:55:39.681000,2013-08-12 06:11:39.681000,35,False
id_180,channel_45,Rare Event,2013-08-12 08:55:09.681000,2013-08-12 09:11:39.681000,36,True
id_180,channel_45,Rare Event,2013-08-12 11:55:09.681000,2013-08-12 12:11:39.681000,36,False
id_180,channel_45,Rare Event,2013-08-12 14:55:09.681000,2013-08-12 15:11:39.681000,36,False
id_180,channel_45,Rare Event,2013-08-12 17:55:09.681000,2013-08-12 18:11:39.681000,36,True
id_180,channel_45,Rare Event,2013-08-12 20:55:09.681000,2013-08-12 21:11:39.681000,36,False
id_180,channel_45,Rare Event,2013-08-12 23:55:09.681000,2013-08-13 00:11:39.681000,36,False
id_180,channel_45,Rare Event,2013-08-13 02:55:39.681000,2013-08-13 03:08:09.681000,28,True
id_180,channel_45,Rare Event,2013-08-13 21:05:09.681000,2013-08-13 21:07:02.181000,5,False
id_180,channel_45,Rare Event,2013-08-13 21:52:09.681000,2013-08-13 21:56:09.681000,9,False
id_180,channel_45,Rare Event,2013-08-14 18:59:39.681000,2013-08-15 02:04:39.681000,893,True
id_183,channel_45,Anomaly,2013-09-05 18:32:23.763000,2013-09-05 18:32:23.763000,1,True
id_182,channel_45,Rare Event,2013-09-12 02:00:39.675000,2013-09-12 02:02:09.675000,4,False
id_182,channel_45,Rare Event,2013-09-12 02:21:09.675000,2013-09-12 02:21:09.675000,1,False
id_182,channel_45,Rare Event,2013-09-12 02:22:09.675000,2013-09-12 02:22:39.675000,2,False
id_184,channel_45,Anomaly,2013-10-01 01:13:39.672000,2013-10-01 01:13:44.760000,2,True
id_186,channel_45,Anomaly,2013-11-11 05:27:23.754000,2013-11-11 05:27:23.754000,1,True
id_187,channel_45,Anomaly,2013-11-19 14:57:17.751000,2013-11-19 14:57:17.751000,1,True
id_155,channel_46,Rare Event,2011-04-21 23:58:39.819000,2011-04-21 23:59:39.819000,3,False
id_155,channel_46,Rare Event,2011-04-22 00:17:39.819000,2011-04-22 00:19:39.819000,5,False
id_155,channel_46,Rare Event,2011-04-22 01:37:09.819000,2011-04-22 01:38:39.819000,4,False
id_155,channel_46,Rare Event,2011-04-24 03:54:39.819000,2011-04-24 03:57:09.819000,7,False
id_155,channel_46,Rare Event,2011-04-24 05:14:39.819000,2011-04-24 05:16:39.819000,5,False
id_155,channel_46,Rare Event,2011-04-24 06:03:09.819000,2011-04-24 06:05:09.819000,5,False
id_159,channel_46,Rare Event,2011-06-09 03:00:39.813000,2011-06-09 03:14:09.813000,29,False
id_159,channel_46,Rare Event,2011-06-09 03:24:09.813000,2011-06-09 03:24:09.813000,1,False
id_159,channel_46,Rare Event,2011-06-09 03:25:39.813000,2011-06-09 03:25:39.813000,1,False
id_160,channel_46,Anomaly,2011-08-12 19:57:32.889000,2011-08-12 19:57:39.801000,2,True
id_51,channel_46,Rare Event,2011-08-14 19:12:39.801000,2011-08-14 20:31:39.801000,167,False
id_49,channel_46,Rare Event,2011-10-08 07:15:06.792000,2011-10-08 08:47:09.792000,1852,False
id_164,channel_46,Rare Event,2011-11-24 17:17:39.786000,2011-11-24 17:21:09.786000,8,False
id_164,channel_46,Rare Event,2011-11-24 17:39:09.786000,2011-11-24 17:41:09.786000,5,False
id_165,channel_46,Anomaly,2011-12-28 04:02:39.780000,2011-12-28 04:02:47.868000,2,True
id_166,channel_46,Anomaly,2012-01-07 03:42:26.865000,2012-01-07 03:42:39.777000,2,True
id_169,channel_46,Rare Event,2012-06-20 22:45:09.750000,2012-06-20 22:53:09.750000,18,False
id_172,channel_46,Anomaly,2012-09-19 13:42:51,2012-09-19 13:43:09,1,True
id_174,channel_46,Rare Event,2012-10-04 15:39:09.735000,2012-10-04 16:38:09.735000,125,False
id_175,channel_46,Rare Event,2012-12-06 12:45:09.723000,2012-12-06 12:47:09.723000,6,False
id_175,channel_46,Rare Event,2012-12-06 13:05:39.723000,2012-12-06 13:09:09.723000,9,False
id_24,channel_46,Rare Event,2012-12-18 11:55:39.723000,2012-12-18 12:02:39.723000,16,False
id_24,channel_46,Rare Event,2012-12-19 00:28:09.723000,2012-12-19 00:38:39.723000,23,False
id_176,channel_46,Anomaly,2013-02-09 23:44:53.799000,2013-02-09 23:44:53.799000,1,True
id_177,channel_46,Anomaly,2013-03-24 16:57:39.705000,2013-03-24 16:57:41.793000,2,True
id_14,channel_46,Rare Event,2013-06-30 19:36:39.687000,2013-07-20 16:49:09.684000,60130,False
id_180,channel_46,Rare Event,2013-08-12 02:55:39.681000,2013-08-12 03:11:39.681000,35,False
id_180,channel_46,Rare Event,2013-08-12 05:55:39.681000,2013-08-12 06:11:39.681000,35,False
id_180,channel_46,Rare Event,2013-08-12 07:56:09.681000,2013-08-12 07:56:09.681000,1,False
id_180,channel_46,Rare Event,2013-08-12 08:55:09.681000,2013-08-12 09:11:39.681000,36,False
id_180,channel_46,Rare Event,2013-08-12 11:55:09.681000,2013-08-12 12:11:39.681000,36,True
id_180,channel_46,Rare Event,2013-08-12 14:55:09.681000,2013-08-12 15:11:39.681000,36,False
id_180,channel_46,Rare Event,2013-08-12 17:55:09.681000,2013-08-12 18:11:39.681000,36,False
id_180,channel_46,Rare Event,2013-08-12 20:15:09.681000,2013-08-12 20:15:09.681000,1,False
id_180,channel_46,Rare Event,2013-08-12 20:55:09.681000,2013-08-12 21:11:39.681000,36,True
id_180,channel_46,Rare Event,2013-08-12 23:55:09.681000,2013-08-13 00:11:39.681000,36,False
id_180,channel_46,Rare Event,2013-08-13 02:55:39.681000,2013-08-13 03:08:09.681000,28,False
id_180,channel_46,Rare Event,2013-08-13 21:05:09.681000,2013-08-13 21:07:02.181000,5,False
id_180,channel_46,Rare Event,2013-08-13 21:52:09.681000,2013-08-13 21:56:09.681000,9,False
id_180,channel_46,Rare Event,2013-08-14 18:56:39.681000,2013-08-15 02:04:39.681000,900,True
id_183,channel_46,Anomaly,2013-09-05 18:32:23.763000,2013-09-05 18:32:23.763000,1,True
id_182,channel_46,Rare Event,2013-09-12 02:00:39.675000,2013-09-12 02:02:09.675000,4,False
id_182,channel_46,Rare Event,2013-09-12 02:22:09.675000,2013-09-12 02:22:09.675000,1,False
id_184,channel_46,Anomaly,2013-10-01 01:13:39.672000,2013-10-01 01:13:44.760000,2,True
id_186,channel_46,Anomaly,2013-11-11 05:27:23.754000,2013-11-11 05:27:23.754000,1,True
id_187,channel_46,Anomaly,2013-11-19 14:57:17.751000,2013-11-19 14:57:17.751000,1,True
id_155,channel_47,Rare Event,2011-04-21 23:55:39.819000,2011-04-24 15:39:39.819000,7649,False
id_51,channel_47,Rare Event,2011-08-14 19:14:39.801000,2011-08-14 20:45:39.801000,183,False
id_49,channel_47,Rare Event,2011-10-08 07:08:39.792000,2011-10-08 17:33:09.792000,2907,False
id_11,channel_47,Anomaly,2012-04-20 23:00:09.762000,2012-04-21 10:27:09.762000,1375,False
id_174,channel_47,Rare Event,2012-10-04 15:27:39.735000,2012-10-06 06:08:09.735000,4642,False
id_176,channel_47,Anomaly,2013-02-09 23:45:39.711000,2013-02-09 23:51:09.711000,12,False
id_177,channel_47,Anomaly,2013-03-24 16:57:09.705000,2013-03-24 17:11:09.705000,30,False
id_14,channel_47,Rare Event,2013-06-30 19:36:39.687000,2013-07-20 19:25:39.684000,57579,False
id_180,channel_47,Rare Event,2013-08-11 20:10:39.681000,2013-08-16 17:29:09.681000,14078,False
id_183,channel_47,Anomaly,2013-09-05 19:37:39.678000,2013-09-06 12:10:09.678000,1986,False
id_184,channel_47,Anomaly,2013-10-01 01:14:39.672000,2013-10-01 01:18:39.672000,9,False
id_186,channel_47,Anomaly,2013-11-11 05:27:39.666000,2013-11-11 05:31:09.666000,8,False
id_187,channel_47,Anomaly,2013-11-19 14:58:09.663000,2013-11-19 15:04:09.663000,13,False
id_155,channel_48,Rare Event,2011-04-21 22:47:39.819000,2011-04-24 21:03:09.819000,8432,False
id_160,channel_48,Anomaly,2011-08-12 19:58:09.801000,2011-08-12 20:22:39.801000,50,False
id_51,channel_48,Rare Event,2011-08-14 19:15:09.801000,2011-08-14 20:44:09.801000,179,False
id_49,channel_48,Rare Event,2011-10-08 07:15:09.792000,2011-10-08 15:44:09.792000,2675,False
id_11,channel_48,Anomaly,2012-04-20 23:00:09.762000,2012-04-21 10:27:09.762000,1375,False
id_174,channel_48,Rare Event,2012-10-04 15:27:39.735000,2012-10-06 06:21:09.735000,4668,False
id_176,channel_48,Anomaly,2013-02-09 23:45:09.711000,2013-02-10 00:06:09.711000,43,False
id_177,channel_48,Anomaly,2013-03-24 16:58:39.705000,2013-03-24 17:11:09.705000,26,False
id_14,channel_48,Rare Event,2013-06-30 19:36:39.687000,2013-07-20 19:01:09.684000,57530,False
id_180,channel_48,Rare Event,2013-08-11 20:20:09.681000,2013-08-16 16:32:39.681000,13946,False
id_183,channel_48,Anomaly,2013-09-05 19:37:39.678000,2013-09-06 12:10:09.678000,1986,False
id_184,channel_48,Anomaly,2013-10-01 01:14:39.672000,2013-10-01 01:19:39.672000,11,False
id_186,channel_48,Anomaly,2013-11-11 05:28:09.666000,2013-11-11 05:37:39.666000,20,False
id_187,channel_48,Anomaly,2013-11-19 14:57:39.663000,2013-11-19 15:07:09.663000,20,False
id_155,channel_49,Rare Event,2011-04-21 23:08:39.819000,2011-04-24 16:25:09.819000,7834,False
id_160,channel_49,Anomaly,2011-08-12 19:58:09.801000,2011-08-12 20:05:39.801000,16,False
id_51,channel_49,Rare Event,2011-08-14 19:16:39.801000,2011-08-14 20:42:39.801000,173,False
id_49,channel_49,Rare Event,2011-10-08 07:12:39.792000,2011-10-08 17:00:09.792000,2833,False
id_166,channel_49,Anomaly,2012-01-07 03:42:39.777000,2012-01-07 03:54:09.777000,24,False
id_11,channel_49,Anomaly,2012-04-20 23:00:09.762000,2012-04-21 10:27:09.762000,1375,False
id_174,channel_49,Rare Event,2012-10-04 15:37:39.735000,2012-10-06 06:13:09.735000,4632,False
id_176,channel_49,Anomaly,2013-02-09 23:45:39.711000,2013-02-09 23:52:09.711000,14,False
id_177,channel_49,Anomaly,2013-03-24 16:57:41.793000,2013-03-24 17:02:09.705000,10,False
id_14,channel_49,Rare Event,2013-06-30 19:36:39.687000,2013-07-20 19:21:39.684000,57571,False
id_180,channel_49,Rare Event,2013-08-11 20:10:39.681000,2013-08-16 16:23:09.681000,13946,False
id_183,channel_49,Anomaly,2013-09-05 19:37:39.678000,2013-09-06 12:10:09.678000,1986,False
id_184,channel_49,Anomaly,2013-10-01 01:14:09.672000,2013-10-01 01:24:09.672000,21,False
id_186,channel_49,Anomaly,2013-11-11 05:27:39.666000,2013-11-11 05:32:09.666000,10,False
id_187,channel_49,Anomaly,2013-11-19 14:58:09.663000,2013-11-19 15:06:09.663000,17,False
id_155,channel_50,Rare Event,2011-04-21 22:15:52.197000,2011-04-24 17:33:52.197000,2693,False
id_51,channel_50,Rare Event,2011-08-14 19:15:52.179000,2011-08-14 20:36:52.179000,55,False
id_49,channel_50,Rare Event,2011-10-08 07:12:52.170000,2011-10-08 17:32:22.170000,414,False
id_11,channel_50,Anomaly,2012-04-20 23:00:52.140000,2012-04-21 10:27:52.140000,459,False
id_174,channel_50,Rare Event,2012-10-04 22:15:52.113000,2012-10-06 05:08:22.110000,1236,False
id_176,channel_50,Anomaly,2013-02-09 23:45:52.092000,2013-02-09 23:51:52.092000,5,False
id_177,channel_50,Anomaly,2013-03-24 16:59:22.080000,2013-03-24 17:11:22.080000,9,False
id_14,channel_50,Rare Event,2013-06-30 19:36:39.687000,2013-07-20 19:57:52.062000,19215,False
id_180,channel_50,Rare Event,2013-08-11 19:38:22.056000,2013-08-16 19:02:22.056000,4777,False
id_186,channel_50,Anomaly,2013-11-11 05:29:22.041000,2013-11-11 05:30:52.044000,2,False
id_187,channel_50,Anomaly,2013-11-19 14:59:22.041000,2013-11-19 15:03:52.044000,4,False
id_155,channel_51,Rare Event,2011-04-21 22:42:52.197000,2011-04-24 19:00:52.197000,2733,False
id_160,channel_51,Anomaly,2011-08-12 19:57:52.179000,2011-08-12 20:15:52.179000,13,False
id_51,channel_51,Rare Event,2011-08-14 19:17:22.176000,2011-08-14 20:38:22.176000,55,False
id_49,channel_51,Rare Event,2011-10-08 07:23:22.170000,2011-10-08 15:44:22.170000,335,False
id_11,channel_51,Anomaly,2012-04-20 23:00:52.140000,2012-04-21 10:27:52.140000,459,False
id_174,channel_51,Rare Event,2012-10-04 17:00:52.113000,2012-10-06 05:50:22.110000,1474,False
id_176,channel_51,Anomaly,2013-02-09 23:45:52.092000,2013-02-09 23:53:22.089000,6,False
id_177,channel_51,Anomaly,2013-03-24 16:59:22.080000,2013-03-24 17:12:52.083000,10,False
id_14,channel_51,Rare Event,2013-06-30 19:36:39.687000,2013-07-20 20:18:52.062000,19229,False
id_180,channel_51,Rare Event,2013-08-11 18:47:22.056000,2013-08-16 16:32:22.056000,4711,False
id_186,channel_51,Anomaly,2013-11-11 05:29:22.041000,2013-11-11 05:35:22.041000,5,False
id_187,channel_51,Anomaly,2013-11-19 14:59:22.041000,2013-11-19 15:03:52.044000,4,False
id_155,channel_52,Rare Event,2011-04-21 22:51:52.197000,2011-04-24 17:03:52.197000,2649,False
id_160,channel_52,Anomaly,2011-08-12 19:57:52.179000,2011-08-12 20:02:22.179000,4,False
id_51,channel_52,Rare Event,2011-08-14 19:17:22.176000,2011-08-14 20:39:52.179000,56,False
id_49,channel_52,Rare Event,2011-10-08 07:21:52.170000,2011-10-08 16:30:52.170000,367,False
id_166,channel_52,Anomaly,2012-01-07 03:42:52.158000,2012-01-07 03:53:22.155000,8,False
id_11,channel_52,Anomaly,2012-04-20 23:00:52.140000,2012-04-21 10:27:52.140000,459,False
id_174,channel_52,Rare Event,2012-10-04 22:09:52.113000,2012-10-06 05:50:22.110000,1268,False
id_176,channel_52,Anomaly,2013-02-09 23:44:22.089000,2013-02-09 23:51:52.092000,6,False
id_177,channel_52,Anomaly,2013-03-24 16:59:22.080000,2013-03-24 17:29:22.080000,21,False
id_14,channel_52,Rare Event,2013-06-30 19:36:39.687000,2013-07-20 19:50:22.059000,19210,False
id_180,channel_52,Rare Event,2013-08-11 19:38:22.056000,2013-08-16 15:21:52.059000,4630,False
id_184,channel_52,Anomaly,2013-10-01 01:14:22.050000,2013-10-01 01:27:52.050000,10,False
id_186,channel_52,Anomaly,2013-11-11 05:27:52.044000,2013-11-11 05:32:22.041000,4,False
id_187,channel_52,Anomaly,2013-11-19 14:59:22.041000,2013-11-19 15:08:22.041000,7,False
id_155,channel_57,Rare Event,2011-04-21 23:06:17.313000,2011-04-24 20:05:17.313000,8279,False
id_174,channel_57,Rare Event,2012-10-04 15:15:47.229000,2012-10-06 02:42:47.229000,4255,True
id_180,channel_57,Rare Event,2013-08-12 03:35:47.175000,2013-08-16 04:45:17.175000,11660,True
id_155,channel_58,Rare Event,2011-04-21 23:06:17.313000,2011-04-24 23:56:17.313000,8741,False
id_174,channel_58,Rare Event,2012-10-04 15:24:47.229000,2012-10-06 03:54:47.229000,4381,True
id_180,channel_58,Rare Event,2013-08-12 01:29:17.175000,2013-08-16 06:04:47.175000,12072,True
id_155,channel_59,Rare Event,2011-04-21 23:02:17.313000,2011-04-24 23:39:47.313000,8716,False
id_174,channel_59,Rare Event,2012-10-04 15:27:47.229000,2012-10-06 02:12:47.229000,4171,True
id_180,channel_59,Rare Event,2013-08-12 02:44:17.175000,2013-08-15 21:01:17.175000,10835,True
id_155,channel_60,Rare Event,2011-04-21 23:22:47.313000,2011-04-25 00:45:47.313000,8807,False
id_174,channel_60,Rare Event,2012-10-04 15:21:47.229000,2012-10-06 03:54:47.229000,4387,True
id_180,channel_60,Rare Event,2013-08-12 04:08:47.175000,2013-08-15 22:16:17.175000,10816,True
id_180,channel_61,Rare Event,2013-08-12 15:12:38.505000,2013-08-15 15:12:38.505000,290,False
id_180,channel_62,Rare Event,2013-08-12 15:12:38.505000,2013-08-15 15:12:38.505000,290,False
id_180,channel_63,Rare Event,2013-08-12 15:12:38.505000,2013-08-15 15:12:38.505000,290,False
id_33,channel_64,Rare Event,2009-03-08 13:47:03.135000,2009-03-08 13:47:03.135000,1,False
id_134,channel_64,Anomaly,2009-05-26 17:28:36.120000,2009-05-30 14:35:18.120000,1619,True
id_153,channel_64,Anomaly,2011-01-28 22:29:18.030000,2011-01-28 23:59:18.030000,31,True
id_157,channel_64,Anomaly,2011-04-19 07:20:18.018000,2011-04-19 08:53:18.018000,32,True
id_33,channel_65,Rare Event,2009-03-08 13:47:03.135000,2009-03-08 13:47:03.135000,1,False
id_134,channel_65,Anomaly,2009-05-26 17:28:36.120000,2009-05-30 14:35:18.120000,1619,True
id_34,channel_65,Rare Event,2009-06-10 20:08:18.120000,2009-06-10 23:35:18.120000,2,False
id_153,channel_65,Anomaly,2011-01-28 22:29:18.030000,2011-01-28 23:59:18.030000,31,True
id_157,channel_65,Anomaly,2011-04-19 07:20:18.018000,2011-04-19 08:59:18.018000,34,True
id_33,channel_66,Rare Event,2009-03-08 13:47:03.135000,2009-03-08 13:47:03.135000,1,False
id_134,channel_66,Anomaly,2009-05-26 17:28:36.120000,2009-06-27 03:20:18.117000,14584,True
id_145,channel_66,Anomaly,2010-05-19 15:53:18.069000,2010-05-23 16:41:18.069000,1937,True
id_153,channel_66,Anomaly,2011-01-28 22:32:18.030000,2011-01-29 13:44:18.030000,305,False
id_154,channel_66,Rare Event,2011-02-23 23:11:18.027000,2011-02-25 03:05:18.024000,559,False
id_157,channel_66,Anomaly,2011-04-19 07:20:18.018000,2011-04-19 21:44:18.018000,289,True
id_155,channel_66,Rare Event,2011-04-22 08:11:18.018000,2011-04-25 10:08:18.018000,1480,False
id_145,channel_74,Anomaly,2010-05-19 00:45:24.489000,2010-05-21 23:19:24.489000,8469,False
